id,exact_time_before_event,exact_time_after_event,model_type,val_fold,in_channels,hidden_channels,hidden_size,kernel_sizes,d_model,nhead,num_layers,bidirectional,dim_feedforward,dropout_rate
200010,1500,0,LSTM,0,28,,16,,,,2,TRUE,,0.1
200020,200,50,LSTM,1,28,,32,,,,3,FALSE,,0.2
200030,1200,300,LSTM,2,28,,64,,,,4,TRUE,,0.3
200040,600,150,LSTM,0,28,,128,,,,5,FALSE,,0.4
200050,500,0,LSTM,1,28,,256,,,,2,FALSE,,0.5
200060,500,0,LSTM,2,28,,16,,,,3,TRUE,,0.1
200070,600,150,LSTM,1,28,,32,,,,4,FALSE,,0.2
200080,2300,200,LSTM,0,28,,64,,,,5,TRUE,,0.3
200090,300,200,LSTM,1,28,,128,,,,2,TRUE,,0.4
200100,350,150,LSTM,2,28,,256,,,,3,FALSE,,0.5
200110,1000,0,LSTM,0,28,,16,,,,4,TRUE,,0.1
200120,750,0,LSTM,1,28,,32,,,,5,FALSE,,0.2
200130,2700,300,LSTM,0,28,,64,,,,2,FALSE,,0.3
200140,1700,300,LSTM,1,28,,128,,,,3,TRUE,,0.4
200150,450,50,LSTM,2,28,,256,,,,4,FALSE,,0.5
200160,250,0,LSTM,0,28,,16,,,,5,TRUE,,0.1
200170,200,50,LSTM,1,28,,32,,,,2,TRUE,,0.2
200180,1800,200,LSTM,2,28,,64,,,,3,FALSE,,0.3
200190,700,300,LSTM,0,28,,128,,,,4,TRUE,,0.1
200200,2700,300,LSTM,1,28,,256,,,,5,FALSE,,0.2
200210,450,50,LSTM,0,28,,16,,,,2,FALSE,,0.3
200220,700,300,LSTM,2,28,,32,,,,3,TRUE,,0.4
200230,700,50,LSTM,0,28,,64,,,,4,FALSE,,0.5
200240,350,150,LSTM,1,28,,128,,,,5,TRUE,,0.1
200250,2900,100,LSTM,0,28,,256,,,,2,TRUE,,0.2
200260,1000,0,LSTM,2,28,,16,,,,3,FALSE,,0.3
200270,250,0,LSTM,0,28,,32,,,,4,TRUE,,0.4
200280,700,50,LSTM,1,28,,64,,,,5,FALSE,,0.5
200290,700,300,LSTM,2,28,,128,,,,2,FALSE,,0.1
200300,600,150,LSTM,0,28,,256,,,,3,TRUE,,0.2
200310,1200,300,LSTM,2,28,,16,,,,4,FALSE,,0.3
200320,2300,200,LSTM,0,28,,32,,,,5,TRUE,,0.4
200330,2200,300,LSTM,1,28,,64,,,,2,TRUE,,0.5
200340,2300,200,LSTM,2,28,,128,,,,3,FALSE,,0.1
200350,400,100,LSTM,0,28,,256,,,,4,TRUE,,0.2
200360,650,100,LSTM,1,28,,16,,,,5,FALSE,,0.3
200370,1300,200,LSTM,0,28,,32,,,,2,FALSE,,0.1
200380,800,200,LSTM,1,28,,64,,,,3,TRUE,,0.2
200390,2300,200,LSTM,0,28,,128,,,,4,FALSE,,0.3
200400,600,150,LSTM,1,28,,256,,,,5,TRUE,,0.4
200410,700,300,LSTM,2,28,,16,,,,2,TRUE,,0.5
200420,200,50,LSTM,1,28,,32,,,,3,FALSE,,0.1
200430,1200,300,LSTM,2,28,,64,,,,4,TRUE,,0.2
200440,1200,300,LSTM,2,28,,128,,,,5,FALSE,,0.3
200450,500,0,LSTM,0,28,,256,,,,2,FALSE,,0.4
200460,1900,100,LSTM,2,28,,16,,,,3,TRUE,,0.5
200470,2500,0,LSTM,1,28,,32,,,,4,FALSE,,0.1
200480,1800,200,LSTM,2,28,,64,,,,5,TRUE,,0.2
200490,500,0,LSTM,0,28,,128,,,,2,TRUE,,0.3
200500,700,300,LSTM,1,28,,256,,,,3,FALSE,,0.4
200510,1700,300,LSTM,2,28,,16,,,,4,TRUE,,0.5
200520,1200,300,LSTM,2,28,,32,,,,5,FALSE,,0.1
200530,800,200,LSTM,0,28,,64,,,,2,FALSE,,0.2
200540,650,100,LSTM,1,28,,128,,,,3,TRUE,,0.3
200550,2000,0,LSTM,2,28,,256,,,,4,FALSE,,0.1
200560,150,100,LSTM,0,28,,16,,,,5,TRUE,,0.2
200570,350,150,LSTM,2,28,,32,,,,2,TRUE,,0.3
200580,100,0,LSTM,1,28,,64,,,,3,FALSE,,0.4
200590,2900,100,LSTM,2,28,,128,,,,4,TRUE,,0.5
200600,200,50,LSTM,2,28,,256,,,,5,FALSE,,0.1
200610,500,0,LSTM,0,28,,16,,,,2,FALSE,,0.2
200620,2900,100,LSTM,1,28,,32,,,,3,TRUE,,0.3
200630,1900,100,LSTM,2,28,,64,,,,4,FALSE,,0.4
200640,3000,0,LSTM,1,28,,128,,,,5,TRUE,,0.5
200650,2900,100,LSTM,2,28,,256,,,,2,TRUE,,0.1
200660,650,100,LSTM,1,28,,16,,,,3,FALSE,,0.2
200670,1300,200,LSTM,2,28,,32,,,,4,TRUE,,0.3
200680,900,100,LSTM,0,28,,64,,,,5,FALSE,,0.4
200690,1200,300,LSTM,1,28,,128,,,,2,FALSE,,0.5
200700,1400,100,LSTM,2,28,,256,,,,3,TRUE,,0.1
200710,100,0,LSTM,0,28,,16,,,,4,FALSE,,0.2
200720,400,100,LSTM,1,28,,32,,,,5,TRUE,,0.3
200730,500,250,LSTM,2,28,,64,,,,2,TRUE,,0.1
200740,450,50,LSTM,0,28,,128,,,,3,FALSE,,0.2
200750,800,200,LSTM,1,28,,256,,,,4,TRUE,,0.3
200760,350,150,LSTM,2,28,,16,,,,5,FALSE,,0.4
200770,750,0,LSTM,0,28,,32,,,,2,FALSE,,0.5
200780,900,100,LSTM,1,28,,64,,,,3,TRUE,,0.1
200790,2400,100,LSTM,2,28,,128,,,,4,FALSE,,0.2
200800,600,150,LSTM,0,28,,256,,,,5,TRUE,,0.3
200810,2200,300,LSTM,1,28,,16,,,,2,TRUE,,0.4
200820,1700,300,LSTM,1,28,,32,,,,3,FALSE,,0.5
200830,2500,0,LSTM,2,28,,64,,,,4,TRUE,,0.1
200840,1800,200,LSTM,0,28,,128,,,,5,FALSE,,0.2
200850,450,300,LSTM,1,28,,256,,,,2,FALSE,,0.3
200860,1500,0,LSTM,0,28,,16,,,,3,TRUE,,0.4
200870,500,250,LSTM,1,28,,32,,,,4,FALSE,,0.5
200880,2500,0,LSTM,2,28,,64,,,,5,TRUE,,0.1
200890,2800,200,LSTM,0,28,,128,,,,2,TRUE,,0.2
200900,200,50,LSTM,0,28,,256,,,,3,FALSE,,0.3
200910,500,0,LSTM,1,28,,16,,,,4,TRUE,,0.1
200920,1300,200,LSTM,2,28,,32,,,,5,FALSE,,0.2
200930,550,200,LSTM,0,28,,64,,,,2,FALSE,,0.3
200940,2000,0,LSTM,1,28,,128,,,,3,TRUE,,0.4
200950,1900,100,LSTM,2,28,,256,,,,4,FALSE,,0.5
200960,150,100,LSTM,0,28,,16,,,,5,TRUE,,0.1
200970,500,0,LSTM,1,28,,32,,,,2,TRUE,,0.2
200980,1000,0,LSTM,2,28,,64,,,,3,FALSE,,0.3
200990,450,300,LSTM,0,28,,128,,,,4,TRUE,,0.4
201000,2700,300,LSTM,1,28,,256,,,,5,FALSE,,0.5
201010,350,150,LSTM,2,28,,16,,,,2,FALSE,,0.1
201020,2300,200,LSTM,0,28,,32,,,,3,TRUE,,0.2
201030,2800,200,LSTM,1,28,,64,,,,4,FALSE,,0.3
201040,600,150,LSTM,1,28,,128,,,,5,TRUE,,0.4
201050,550,200,LSTM,2,28,,256,,,,2,TRUE,,0.5
201060,450,50,LSTM,1,28,,16,,,,3,FALSE,,0.1
201070,1300,200,LSTM,2,28,,32,,,,4,TRUE,,0.2
201080,600,150,LSTM,0,28,,64,,,,5,FALSE,,0.3
201090,3000,0,LSTM,1,28,,128,,,,2,FALSE,,0.1
201100,650,100,LSTM,2,28,,256,,,,3,TRUE,,0.2
201110,500,250,LSTM,0,28,,16,,,,4,FALSE,,0.3
201120,350,150,LSTM,1,28,,32,,,,5,TRUE,,0.4
201130,1400,100,LSTM,2,28,,64,,,,2,TRUE,,0.5
201140,450,50,LSTM,0,28,,128,,,,3,FALSE,,0.1
201150,2500,0,LSTM,1,28,,256,,,,4,TRUE,,0.2
201160,2300,200,LSTM,2,28,,16,,,,5,FALSE,,0.3
201170,800,200,LSTM,0,28,,32,,,,2,FALSE,,0.4
201180,150,100,LSTM,1,28,,64,,,,3,TRUE,,0.5
201190,2900,100,LSTM,2,28,,128,,,,4,FALSE,,0.1
201200,350,150,LSTM,0,28,,256,,,,5,TRUE,,0.2
201210,200,50,LSTM,1,28,,16,,,,2,TRUE,,0.3
201220,900,100,LSTM,2,28,,32,,,,3,FALSE,,0.4
201230,2900,100,LSTM,0,28,,64,,,,4,TRUE,,0.5
201240,2800,200,LSTM,1,28,,128,,,,5,FALSE,,0.1
201250,250,0,LSTM,2,28,,256,,,,2,FALSE,,0.2
201260,2800,200,LSTM,0,28,,16,,,,3,TRUE,,0.3
201270,250,0,LSTM,0,28,,32,,,,4,FALSE,,0.1
201280,1400,100,LSTM,0,28,,64,,,,5,TRUE,,0.2
201290,700,50,LSTM,1,28,,128,,,,2,TRUE,,0.3
201300,150,100,LSTM,2,28,,256,,,,3,FALSE,,0.4
201310,2000,0,LSTM,0,28,,16,,,,4,TRUE,,0.5
201320,2700,300,LSTM,1,28,,32,,,,5,FALSE,,0.1
201330,3000,0,LSTM,2,28,,64,,,,2,FALSE,,0.2
201340,700,300,LSTM,0,28,,128,,,,3,TRUE,,0.3
201350,650,100,LSTM,1,28,,256,,,,4,FALSE,,0.4
201360,2400,100,LSTM,2,28,,16,,,,5,TRUE,,0.5
201370,1900,100,LSTM,0,28,,32,,,,2,TRUE,,0.1
201380,100,0,LSTM,2,28,,64,,,,3,FALSE,,0.2
201390,2800,200,LSTM,0,28,,128,,,,4,TRUE,,0.3
201400,2400,100,LSTM,1,28,,256,,,,5,FALSE,,0.4
201410,750,0,LSTM,2,28,,16,,,,2,FALSE,,0.5
201420,250,0,LSTM,0,28,,32,,,,3,TRUE,,0.1
201430,1400,100,LSTM,1,28,,64,,,,4,FALSE,,0.2
201440,550,200,LSTM,0,28,,128,,,,5,TRUE,,0.3
201450,1700,300,LSTM,1,28,,256,,,,2,TRUE,,0.1
201460,1800,200,LSTM,2,28,,16,,,,3,FALSE,,0.2
201470,1000,0,LSTM,0,28,,32,,,,4,TRUE,,0.3
201480,450,300,LSTM,2,28,,64,,,,5,FALSE,,0.4
201490,550,200,LSTM,0,28,,128,,,,2,FALSE,,0.5
201500,700,300,LSTM,1,28,,256,,,,3,TRUE,,0.1
201510,350,150,LSTM,2,28,,16,,,,4,FALSE,,0.2
201520,1500,0,LSTM,0,28,,32,,,,5,TRUE,,0.3
201530,3000,0,LSTM,1,28,,64,,,,2,TRUE,,0.4
201540,450,50,LSTM,2,28,,128,,,,3,FALSE,,0.5
201550,300,200,LSTM,0,28,,256,,,,4,TRUE,,0.1
201560,900,100,LSTM,1,28,,16,,,,5,FALSE,,0.2
201570,1700,300,LSTM,2,28,,32,,,,2,FALSE,,0.3
201580,2200,300,LSTM,0,28,,64,,,,3,TRUE,,0.4
201590,2500,0,LSTM,2,28,,128,,,,4,FALSE,,0.5
201600,1700,300,LSTM,0,28,,256,,,,5,TRUE,,0.1
201610,450,50,LSTM,2,28,,16,,,,2,TRUE,,0.2
201620,300,200,LSTM,0,28,,32,,,,3,FALSE,,0.3
201630,150,100,LSTM,1,28,,64,,,,4,TRUE,,0.1
201640,2500,0,LSTM,0,28,,128,,,,5,FALSE,,0.2
201650,700,50,LSTM,1,28,,256,,,,2,FALSE,,0.3
201660,1200,300,LSTM,1,28,,16,,,,3,TRUE,,0.4
201670,2500,0,LSTM,2,28,,32,,,,4,FALSE,,0.5
201680,600,150,LSTM,0,28,,64,,,,5,TRUE,,0.1
201690,100,0,LSTM,1,28,,128,,,,2,TRUE,,0.2
201700,1200,300,LSTM,0,28,,256,,,,3,FALSE,,0.3
201710,100,0,LSTM,0,28,,16,,,,4,TRUE,,0.4
201720,700,50,LSTM,1,28,,32,,,,5,FALSE,,0.5
201730,2200,300,LSTM,2,28,,64,,,,2,FALSE,,0.1
201740,2900,100,LSTM,0,28,,128,,,,3,TRUE,,0.2
201750,1800,200,LSTM,0,28,,256,,,,4,FALSE,,0.3
201760,1200,300,LSTM,1,28,,16,,,,5,TRUE,,0.4
201770,750,0,LSTM,0,28,,32,,,,2,TRUE,,0.5
201780,1900,100,LSTM,1,28,,64,,,,3,FALSE,,0.1
201790,450,300,LSTM,2,28,,128,,,,4,TRUE,,0.2
201800,750,0,LSTM,1,28,,256,,,,5,FALSE,,0.3
201810,100,0,LSTM,2,28,,16,,,,2,FALSE,,0.1
201820,650,100,LSTM,0,28,,32,,,,3,TRUE,,0.2
201830,700,50,LSTM,1,28,,64,,,,4,FALSE,,0.3
201840,2000,0,LSTM,0,28,,128,,,,5,TRUE,,0.4
201850,2000,0,LSTM,1,28,,256,,,,2,TRUE,,0.5
201860,650,100,LSTM,2,28,,16,,,,3,FALSE,,0.1
201870,350,150,LSTM,1,28,,32,,,,4,TRUE,,0.2
201880,550,200,LSTM,2,28,,64,,,,5,FALSE,,0.3
201890,650,100,LSTM,1,28,,128,,,,2,FALSE,,0.4
201900,350,150,LSTM,2,28,,256,,,,3,TRUE,,0.5
201910,1900,100,LSTM,0,28,,16,,,,4,FALSE,,0.1
201920,900,100,LSTM,2,28,,32,,,,5,TRUE,,0.2
201930,550,200,LSTM,0,28,,64,,,,2,TRUE,,0.3
201940,550,200,LSTM,1,28,,128,,,,3,FALSE,,0.4
201950,1500,0,LSTM,2,28,,256,,,,4,TRUE,,0.5
201960,1500,0,LSTM,0,28,,16,,,,5,FALSE,,0.1
201970,2300,200,LSTM,1,28,,32,,,,2,FALSE,,0.2
201980,450,50,LSTM,2,28,,64,,,,3,TRUE,,0.3
201990,900,100,LSTM,1,28,,128,,,,4,FALSE,,0.1
202000,500,0,LSTM,2,28,,256,,,,5,TRUE,,0.2
202010,300,200,LSTM,0,28,,16,,,,2,TRUE,,0.3
202020,2700,300,LSTM,1,28,,32,,,,3,FALSE,,0.4
202030,200,50,LSTM,2,28,,64,,,,4,TRUE,,0.5
202040,600,150,LSTM,0,28,,128,,,,5,FALSE,,0.1
202050,2000,0,LSTM,2,28,,256,,,,2,FALSE,,0.2
202060,1700,300,LSTM,0,28,,16,,,,3,TRUE,,0.3
202070,2200,300,LSTM,1,28,,32,,,,4,FALSE,,0.4
202080,2500,0,LSTM,2,28,,64,,,,5,TRUE,,0.5
202090,1200,300,LSTM,0,28,,128,,,,2,TRUE,,0.1
202100,2900,100,LSTM,1,28,,256,,,,3,FALSE,,0.2
202110,2800,200,LSTM,2,28,,16,,,,4,TRUE,,0.3
202120,700,50,LSTM,0,28,,32,,,,5,FALSE,,0.4
202130,450,50,LSTM,1,28,,64,,,,2,FALSE,,0.5
202140,650,100,LSTM,2,28,,128,,,,3,TRUE,,0.1
202150,1200,300,LSTM,0,28,,256,,,,4,FALSE,,0.2
202160,400,100,LSTM,1,28,,16,,,,5,TRUE,,0.3
202170,2500,0,LSTM,1,28,,32,,,,2,TRUE,,0.1
202180,150,100,LSTM,2,28,,64,,,,3,FALSE,,0.2
202190,2700,300,LSTM,1,28,,128,,,,4,TRUE,,0.3
202200,2700,300,LSTM,2,28,,256,,,,5,FALSE,,0.4
202210,2400,100,LSTM,1,28,,16,,,,2,FALSE,,0.5
202220,750,0,LSTM,2,28,,32,,,,3,TRUE,,0.1
202230,1800,200,LSTM,1,28,,64,,,,4,FALSE,,0.2
202240,750,0,LSTM,2,28,,128,,,,5,TRUE,,0.3
202250,2400,100,LSTM,0,28,,256,,,,2,TRUE,,0.4
202260,1500,0,LSTM,2,28,,16,,,,3,FALSE,,0.5
202270,1900,100,LSTM,1,28,,32,,,,4,TRUE,,0.1
202280,550,200,LSTM,1,28,,64,,,,5,FALSE,,0.2
202290,2300,200,LSTM,2,28,,128,,,,2,FALSE,,0.3
202300,450,50,LSTM,0,28,,256,,,,3,TRUE,,0.4
202310,400,100,LSTM,1,28,,16,,,,4,FALSE,,0.5
202320,600,150,LSTM,0,28,,32,,,,5,TRUE,,0.1
202330,2000,0,LSTM,1,28,,64,,,,2,TRUE,,0.2
202340,900,100,LSTM,0,28,,128,,,,3,FALSE,,0.3
202350,400,100,LSTM,0,28,,256,,,,4,TRUE,,0.1
202360,1900,100,LSTM,1,28,,16,,,,5,FALSE,,0.2
202370,1400,100,LSTM,2,28,,32,,,,2,FALSE,,0.3
202380,1200,300,LSTM,0,28,,64,,,,3,TRUE,,0.4
202390,450,50,LSTM,1,28,,128,,,,4,FALSE,,0.5
202400,300,200,LSTM,2,28,,256,,,,5,TRUE,,0.1
202410,1000,0,LSTM,0,28,,16,,,,2,TRUE,,0.2
202420,2800,200,LSTM,1,28,,32,,,,3,FALSE,,0.3
202430,250,0,LSTM,2,28,,64,,,,4,TRUE,,0.4
202440,1900,100,LSTM,0,28,,128,,,,5,FALSE,,0.5
202450,2800,200,LSTM,1,28,,256,,,,2,FALSE,,0.1
202460,800,200,LSTM,2,28,,16,,,,3,TRUE,,0.2
202470,2700,300,LSTM,0,28,,32,,,,4,FALSE,,0.3
202480,900,100,LSTM,1,28,,64,,,,5,TRUE,,0.4
202490,300,200,LSTM,2,28,,128,,,,2,TRUE,,0.5
202500,100,0,LSTM,0,28,,256,,,,3,FALSE,,0.1
202510,800,200,LSTM,2,28,,16,,,,4,TRUE,,0.2
202520,1300,200,LSTM,0,28,,32,,,,5,FALSE,,0.3
202530,550,200,LSTM,1,28,,64,,,,2,FALSE,,0.1
202540,1500,0,LSTM,2,28,,128,,,,3,TRUE,,0.2
202550,1200,300,LSTM,1,28,,256,,,,4,FALSE,,0.3
202560,750,0,LSTM,2,28,,16,,,,5,TRUE,,0.4
202570,100,0,LSTM,0,28,,32,,,,2,TRUE,,0.5
202580,600,150,LSTM,2,28,,64,,,,3,FALSE,,0.1
202590,550,200,LSTM,0,28,,128,,,,4,TRUE,,0.2
202600,2300,200,LSTM,1,28,,256,,,,5,FALSE,,0.3
202610,1800,200,LSTM,2,28,,16,,,,2,FALSE,,0.4
202620,700,300,LSTM,0,28,,32,,,,3,TRUE,,0.5
202630,900,100,LSTM,1,28,,64,,,,4,FALSE,,0.1
202640,1500,0,LSTM,2,28,,128,,,,5,TRUE,,0.2
202650,400,100,LSTM,1,28,,256,,,,2,TRUE,,0.3
202660,2700,300,LSTM,2,28,,16,,,,3,FALSE,,0.4
202670,600,150,LSTM,2,28,,32,,,,4,TRUE,,0.5
202680,1800,200,LSTM,0,28,,64,,,,5,FALSE,,0.1
202690,2500,0,LSTM,1,28,,128,,,,2,FALSE,,0.2
202700,250,0,LSTM,0,28,,256,,,,3,TRUE,,0.3
202710,350,150,LSTM,1,28,,16,,,,4,FALSE,,0.1
202720,650,100,LSTM,2,28,,32,,,,5,TRUE,,0.2
202730,500,250,LSTM,0,28,,64,,,,2,TRUE,,0.3
202740,1900,100,LSTM,2,28,,128,,,,3,FALSE,,0.4
202750,450,300,LSTM,0,28,,256,,,,4,TRUE,,0.5
202760,650,100,LSTM,2,28,,16,,,,5,FALSE,,0.1
202770,1000,0,LSTM,0,28,,32,,,,2,FALSE,,0.2
202780,500,0,LSTM,1,28,,64,,,,3,TRUE,,0.3
202790,100,0,LSTM,2,28,,128,,,,4,FALSE,,0.4
202800,1700,300,LSTM,0,28,,256,,,,5,TRUE,,0.5
202810,250,0,LSTM,1,28,,16,,,,2,TRUE,,0.1
202820,800,200,LSTM,2,28,,32,,,,3,FALSE,,0.2
202830,2800,200,LSTM,0,28,,64,,,,4,TRUE,,0.3
202840,2900,100,LSTM,2,28,,128,,,,5,FALSE,,0.4
202850,300,200,LSTM,0,28,,256,,,,2,FALSE,,0.5
202860,450,300,LSTM,2,28,,16,,,,3,TRUE,,0.1
202870,2700,300,LSTM,2,28,,32,,,,4,FALSE,,0.2
202880,2700,300,LSTM,1,28,,64,,,,5,TRUE,,0.3
202890,1700,300,LSTM,2,28,,128,,,,2,TRUE,,0.1
202900,1000,0,LSTM,0,28,,256,,,,3,FALSE,,0.2
202910,1300,200,LSTM,1,28,,16,,,,4,TRUE,,0.3
202920,800,200,LSTM,2,28,,32,,,,5,FALSE,,0.4
202930,700,50,LSTM,0,28,,64,,,,2,FALSE,,0.5
202940,2700,300,LSTM,1,28,,128,,,,3,TRUE,,0.1
202950,150,100,LSTM,1,28,,256,,,,4,FALSE,,0.2
202960,3000,0,LSTM,2,28,,16,,,,5,TRUE,,0.3
202970,2500,0,LSTM,1,28,,32,,,,2,TRUE,,0.4
202980,2400,100,LSTM,2,28,,64,,,,3,FALSE,,0.5
202990,700,300,LSTM,0,28,,128,,,,4,TRUE,,0.1
203000,150,100,LSTM,1,28,,256,,,,5,FALSE,,0.2
203010,2000,0,LSTM,2,28,,16,,,,2,FALSE,,0.3
203020,350,150,LSTM,1,28,,32,,,,3,TRUE,,0.4
203030,250,0,LSTM,0,28,,64,,,,4,FALSE,,0.5
203040,100,0,LSTM,1,28,,128,,,,5,TRUE,,0.1
203050,2900,100,LSTM,2,28,,256,,,,2,TRUE,,0.2
203060,450,300,LSTM,0,28,,16,,,,3,FALSE,,0.3
203070,550,200,LSTM,1,28,,32,,,,4,TRUE,,0.1
203080,1300,200,LSTM,2,28,,64,,,,5,FALSE,,0.2
203090,900,100,LSTM,0,28,,128,,,,2,FALSE,,0.3
203100,550,200,LSTM,1,28,,256,,,,3,TRUE,,0.4
203110,500,250,LSTM,2,28,,16,,,,4,FALSE,,0.5
203120,1800,200,LSTM,0,28,,32,,,,5,TRUE,,0.1
203130,600,150,LSTM,1,28,,64,,,,2,TRUE,,0.2
203140,2200,300,LSTM,0,28,,128,,,,3,FALSE,,0.3
203150,2800,200,LSTM,1,28,,256,,,,4,TRUE,,0.4
203160,2400,100,LSTM,2,28,,16,,,,5,FALSE,,0.5
203170,400,100,LSTM,0,28,,32,,,,2,FALSE,,0.1
203180,550,200,LSTM,1,28,,64,,,,3,TRUE,,0.2
203190,100,0,LSTM,2,28,,128,,,,4,FALSE,,0.3
203200,1800,200,LSTM,0,28,,256,,,,5,TRUE,,0.4
203210,800,200,LSTM,2,28,,16,,,,2,TRUE,,0.5
203220,900,100,LSTM,1,28,,32,,,,3,FALSE,,0.1
203230,1700,300,LSTM,2,28,,64,,,,4,TRUE,,0.2
203240,2700,300,LSTM,0,28,,128,,,,5,FALSE,,0.3
203250,1800,200,LSTM,2,28,,256,,,,2,FALSE,,0.1
203260,450,50,LSTM,0,28,,16,,,,3,TRUE,,0.2
203270,450,300,LSTM,1,28,,32,,,,4,FALSE,,0.3
203280,500,0,LSTM,2,28,,64,,,,5,TRUE,,0.4
203290,400,100,LSTM,0,28,,128,,,,2,TRUE,,0.5
203300,450,300,LSTM,1,28,,256,,,,3,FALSE,,0.1
203310,2800,200,LSTM,2,28,,16,,,,4,TRUE,,0.2
203320,1700,300,LSTM,0,28,,32,,,,5,FALSE,,0.3
203330,750,0,LSTM,1,28,,64,,,,2,FALSE,,0.4
203340,250,0,LSTM,2,28,,128,,,,3,TRUE,,0.5
203350,1800,200,LSTM,0,28,,256,,,,4,FALSE,,0.1
203360,2500,0,LSTM,1,28,,16,,,,5,TRUE,,0.2
203370,350,150,LSTM,2,28,,32,,,,2,TRUE,,0.3
203380,3000,0,LSTM,0,28,,64,,,,3,FALSE,,0.4
203390,450,50,LSTM,1,28,,128,,,,4,TRUE,,0.5
203400,100,0,LSTM,2,28,,256,,,,5,FALSE,,0.1
203410,2900,100,LSTM,0,28,,16,,,,2,FALSE,,0.2
203420,350,150,LSTM,1,28,,32,,,,3,TRUE,,0.3
203430,450,300,LSTM,2,28,,64,,,,4,FALSE,,0.1
203440,1300,200,LSTM,0,28,,128,,,,5,TRUE,,0.2
203450,1900,100,LSTM,1,28,,256,,,,2,TRUE,,0.3
203460,650,100,LSTM,0,28,,16,,,,3,FALSE,,0.4
203470,650,100,LSTM,1,28,,32,,,,4,TRUE,,0.5
203480,500,250,LSTM,2,28,,64,,,,5,FALSE,,0.1
203490,400,100,LSTM,0,28,,128,,,,2,FALSE,,0.2
203500,500,0,LSTM,1,28,,256,,,,3,TRUE,,0.3
203510,750,0,LSTM,2,28,,16,,,,4,FALSE,,0.4
203520,2500,0,LSTM,0,28,,32,,,,5,TRUE,,0.5
203530,500,0,LSTM,2,28,,64,,,,2,TRUE,,0.1
203540,2300,200,LSTM,0,28,,128,,,,3,FALSE,,0.2
203550,800,200,LSTM,1,28,,256,,,,4,TRUE,,0.3
203560,3000,0,LSTM,2,28,,16,,,,5,FALSE,,0.4
203570,2900,100,LSTM,0,28,,32,,,,2,FALSE,,0.5
203580,900,100,LSTM,1,28,,64,,,,3,TRUE,,0.1
203590,250,0,LSTM,2,28,,128,,,,4,FALSE,,0.2
203600,550,200,LSTM,0,28,,256,,,,5,TRUE,,0.3
203610,900,100,LSTM,2,28,,16,,,,2,TRUE,,0.1
203620,500,250,LSTM,1,28,,32,,,,3,FALSE,,0.2
203630,1500,0,LSTM,2,28,,64,,,,4,TRUE,,0.3
203640,150,100,LSTM,0,28,,128,,,,5,FALSE,,0.4
203650,200,50,LSTM,1,28,,256,,,,2,FALSE,,0.5
203660,1700,300,LSTM,2,28,,16,,,,3,TRUE,,0.1
203670,2700,300,LSTM,0,28,,32,,,,4,FALSE,,0.2
203680,1700,300,LSTM,1,28,,64,,,,5,TRUE,,0.3
203690,1400,100,LSTM,1,28,,128,,,,2,TRUE,,0.4
203700,2500,0,LSTM,2,28,,256,,,,3,FALSE,,0.5
203710,2400,100,LSTM,0,28,,16,,,,4,TRUE,,0.1
203720,3000,0,LSTM,1,28,,32,,,,5,FALSE,,0.2
203730,200,50,LSTM,2,28,,64,,,,2,FALSE,,0.3
203740,2800,200,LSTM,0,28,,128,,,,3,TRUE,,0.4
203750,1900,100,LSTM,1,28,,256,,,,4,FALSE,,0.5
203760,1800,200,LSTM,2,28,,16,,,,5,TRUE,,0.1
203770,250,0,LSTM,0,28,,32,,,,2,TRUE,,0.2
203780,900,100,LSTM,1,28,,64,,,,3,FALSE,,0.3
203790,350,150,LSTM,2,28,,128,,,,4,TRUE,,0.1
203800,300,200,LSTM,0,28,,256,,,,5,FALSE,,0.2
203810,150,100,LSTM,0,28,,16,,,,2,FALSE,,0.3
203820,2900,100,LSTM,1,28,,32,,,,3,TRUE,,0.4
203830,700,50,LSTM,2,28,,64,,,,4,FALSE,,0.5
203840,1500,0,LSTM,0,28,,128,,,,5,TRUE,,0.1
203850,150,100,LSTM,1,28,,256,,,,2,TRUE,,0.2
203860,150,100,LSTM,0,28,,16,,,,3,FALSE,,0.3
203870,800,200,LSTM,1,28,,32,,,,4,TRUE,,0.4
203880,2000,0,LSTM,2,28,,64,,,,5,FALSE,,0.5
203890,2700,300,LSTM,0,28,,128,,,,2,FALSE,,0.1
203900,900,100,LSTM,1,28,,256,,,,3,TRUE,,0.2
203910,500,250,LSTM,0,28,,16,,,,4,FALSE,,0.3
203920,400,100,LSTM,1,28,,32,,,,5,TRUE,,0.4
203930,250,0,LSTM,2,28,,64,,,,2,TRUE,,0.5
203940,200,50,LSTM,0,28,,128,,,,3,FALSE,,0.1
203950,1800,200,LSTM,2,28,,256,,,,4,TRUE,,0.2
203960,100,0,LSTM,0,28,,16,,,,5,FALSE,,0.3
203970,1500,0,LSTM,1,28,,32,,,,2,FALSE,,0.1
203980,1400,100,LSTM,2,28,,64,,,,3,TRUE,,0.2
203990,100,0,LSTM,2,28,,128,,,,4,FALSE,,0.3
204000,150,100,LSTM,1,28,,256,,,,5,TRUE,,0.4
204010,500,250,LSTM,2,28,,16,,,,2,TRUE,,0.5
204020,750,0,LSTM,0,28,,32,,,,3,FALSE,,0.1
204030,250,0,LSTM,1,28,,64,,,,4,TRUE,,0.2
204040,1300,200,LSTM,0,28,,128,,,,5,FALSE,,0.3
204050,1500,0,LSTM,1,28,,256,,,,2,FALSE,,0.4
204060,500,250,LSTM,2,28,,16,,,,3,TRUE,,0.5
204070,450,300,LSTM,0,28,,32,,,,4,FALSE,,0.1
204080,700,50,LSTM,1,28,,64,,,,5,TRUE,,0.2
204090,1000,0,LSTM,2,28,,128,,,,2,TRUE,,0.3
204100,1300,200,LSTM,1,28,,256,,,,3,FALSE,,0.4
204110,2200,300,LSTM,2,28,,16,,,,4,TRUE,,0.5
204120,450,50,LSTM,0,28,,32,,,,5,FALSE,,0.1
204130,1900,100,LSTM,1,28,,64,,,,2,FALSE,,0.2
204140,500,0,LSTM,2,28,,128,,,,3,TRUE,,0.3
204150,200,50,LSTM,0,28,,256,,,,4,FALSE,,0.1
204160,350,150,LSTM,1,28,,16,,,,5,TRUE,,0.2
204170,250,0,LSTM,2,28,,32,,,,2,TRUE,,0.3
204180,3000,0,LSTM,0,28,,64,,,,3,FALSE,,0.4
204190,1700,300,LSTM,1,28,,128,,,,4,TRUE,,0.5
204200,300,200,LSTM,0,28,,256,,,,5,FALSE,,0.1
204210,650,100,LSTM,1,28,,16,,,,2,FALSE,,0.2
204220,900,100,LSTM,2,28,,32,,,,3,TRUE,,0.3
204230,1700,300,LSTM,1,28,,64,,,,4,FALSE,,0.4
204240,500,0,LSTM,2,28,,128,,,,5,TRUE,,0.5
204250,1900,100,LSTM,0,28,,256,,,,2,TRUE,,0.1
204260,2700,300,LSTM,1,28,,16,,,,3,FALSE,,0.2
204270,800,200,LSTM,2,28,,32,,,,4,TRUE,,0.3
204280,2500,0,LSTM,0,28,,64,,,,5,FALSE,,0.4
204290,500,250,LSTM,1,28,,128,,,,2,FALSE,,0.5
204300,600,150,LSTM,2,28,,256,,,,3,TRUE,,0.1
204310,2300,200,LSTM,0,28,,16,,,,4,FALSE,,0.2
204320,2400,100,LSTM,2,28,,32,,,,5,TRUE,,0.3
204330,200,50,LSTM,0,28,,64,,,,2,TRUE,,0.1
204340,1700,300,LSTM,2,28,,128,,,,3,FALSE,,0.2
204350,500,250,LSTM,0,28,,256,,,,4,TRUE,,0.3
204360,1400,100,LSTM,1,28,,16,,,,5,FALSE,,0.4
204370,100,0,LSTM,2,28,,32,,,,2,FALSE,,0.5
204380,800,200,LSTM,0,28,,64,,,,3,TRUE,,0.1
204390,2800,200,LSTM,1,28,,128,,,,4,FALSE,,0.2
204400,2300,200,LSTM,0,28,,256,,,,5,TRUE,,0.3
204410,750,0,LSTM,1,28,,16,,,,2,TRUE,,0.4
204420,150,100,LSTM,2,28,,32,,,,3,FALSE,,0.5
204430,550,200,LSTM,0,28,,64,,,,4,TRUE,,0.1
204440,1000,0,LSTM,2,28,,128,,,,5,FALSE,,0.2
204450,700,300,LSTM,0,28,,256,,,,2,FALSE,,0.3
204460,250,0,LSTM,1,28,,16,,,,3,TRUE,,0.4
204470,150,100,LSTM,2,28,,32,,,,4,FALSE,,0.5
204480,450,300,LSTM,0,28,,64,,,,5,TRUE,,0.1
204490,600,150,LSTM,1,28,,128,,,,2,TRUE,,0.2
204500,2000,0,LSTM,2,28,,256,,,,3,FALSE,,0.3
204510,2400,100,LSTM,0,28,,16,,,,4,TRUE,,0.1
204520,2500,0,LSTM,1,28,,32,,,,5,FALSE,,0.2
204530,1200,300,LSTM,2,28,,64,,,,2,FALSE,,0.3
204540,250,0,LSTM,0,28,,128,,,,3,TRUE,,0.4
204550,100,0,LSTM,1,28,,256,,,,4,FALSE,,0.5
204560,700,50,LSTM,2,28,,16,,,,5,TRUE,,0.1
204570,400,100,LSTM,1,28,,32,,,,2,TRUE,,0.2
204580,400,100,LSTM,2,28,,64,,,,3,FALSE,,0.3
204590,500,250,LSTM,0,28,,128,,,,4,TRUE,,0.4
204600,1500,0,LSTM,1,28,,256,,,,5,FALSE,,0.5
204610,2400,100,LSTM,2,28,,16,,,,2,FALSE,,0.1
204620,1800,200,LSTM,0,28,,32,,,,3,TRUE,,0.2
204630,1900,100,LSTM,0,28,,64,,,,4,FALSE,,0.3
204640,1300,200,LSTM,2,28,,128,,,,5,TRUE,,0.4
204650,2300,200,LSTM,0,28,,256,,,,2,TRUE,,0.5
204660,1500,0,LSTM,1,28,,16,,,,3,FALSE,,0.1
204670,500,250,LSTM,2,28,,32,,,,4,TRUE,,0.2
204680,500,250,LSTM,1,28,,64,,,,5,FALSE,,0.3
204690,1800,200,LSTM,2,28,,128,,,,2,FALSE,,0.1
204700,700,300,LSTM,0,28,,256,,,,3,TRUE,,0.2
204710,2400,100,LSTM,1,28,,16,,,,4,FALSE,,0.3
204720,1200,300,LSTM,0,28,,32,,,,5,TRUE,,0.4
204730,200,50,LSTM,1,28,,64,,,,2,TRUE,,0.5
204740,900,100,LSTM,2,28,,128,,,,3,FALSE,,0.1
204750,450,300,LSTM,0,28,,256,,,,4,TRUE,,0.2
204760,800,200,LSTM,1,28,,16,,,,5,FALSE,,0.3
204770,1200,300,LSTM,2,28,,32,,,,2,FALSE,,0.4
204780,2200,300,LSTM,0,28,,64,,,,3,TRUE,,0.5
204790,2900,100,LSTM,1,28,,128,,,,4,FALSE,,0.1
204800,750,0,LSTM,2,28,,256,,,,5,TRUE,,0.2
204810,400,100,LSTM,0,28,,16,,,,2,TRUE,,0.3
204820,550,200,LSTM,1,28,,32,,,,3,FALSE,,0.4
204830,2000,0,LSTM,2,28,,64,,,,4,TRUE,,0.5
204840,2700,300,LSTM,0,28,,128,,,,5,FALSE,,0.1
204850,400,100,LSTM,1,28,,256,,,,2,FALSE,,0.2
204860,3000,0,LSTM,2,28,,16,,,,3,TRUE,,0.3
204870,1400,100,LSTM,2,28,,32,,,,4,FALSE,,0.1
204880,1900,100,LSTM,0,28,,64,,,,5,TRUE,,0.2
204890,3000,0,LSTM,1,28,,128,,,,2,TRUE,,0.3
204900,750,0,LSTM,2,28,,256,,,,3,FALSE,,0.4
204910,150,100,LSTM,0,28,,16,,,,4,TRUE,,0.5
204920,2700,300,LSTM,1,28,,32,,,,5,FALSE,,0.1
204930,350,150,LSTM,2,28,,64,,,,2,FALSE,,0.2
204940,750,0,LSTM,0,28,,128,,,,3,TRUE,,0.3
204950,450,300,LSTM,1,28,,256,,,,4,FALSE,,0.4
204960,2400,100,LSTM,2,28,,16,,,,5,TRUE,,0.5
204970,1700,300,LSTM,1,28,,32,,,,2,TRUE,,0.1
204980,500,0,LSTM,0,28,,64,,,,3,FALSE,,0.2
204990,2400,100,LSTM,1,28,,128,,,,4,TRUE,,0.3
205000,650,100,LSTM,2,28,,256,,,,5,FALSE,,0.4
205010,700,300,LSTM,1,28,,16,,,,2,FALSE,,0.5
205020,750,0,LSTM,1,28,,32,,,,3,TRUE,,0.1
205030,550,200,LSTM,2,28,,64,,,,4,FALSE,,0.2
205040,500,0,LSTM,1,28,,128,,,,5,TRUE,,0.3
205050,150,100,LSTM,1,28,,256,,,,2,TRUE,,0.1
205060,700,300,LSTM,2,28,,16,,,,3,FALSE,,0.2
205070,2000,0,LSTM,0,28,,32,,,,4,TRUE,,0.3
205080,1500,0,LSTM,2,28,,64,,,,5,FALSE,,0.4
205090,1500,0,LSTM,1,28,,128,,,,2,FALSE,,0.5
205100,800,200,LSTM,2,28,,256,,,,3,TRUE,,0.1
205110,1400,100,LSTM,0,28,,16,,,,4,FALSE,,0.2
205120,2900,100,LSTM,1,28,,32,,,,5,TRUE,,0.3
205130,400,100,LSTM,0,28,,64,,,,2,TRUE,,0.4
205140,350,150,LSTM,1,28,,128,,,,3,FALSE,,0.5
205150,1400,100,LSTM,2,28,,256,,,,4,TRUE,,0.1
205160,700,50,LSTM,0,28,,16,,,,5,FALSE,,0.2
205170,250,0,LSTM,1,28,,32,,,,2,FALSE,,0.3
205180,1400,100,LSTM,2,28,,64,,,,3,TRUE,,0.4
205190,250,0,LSTM,0,28,,128,,,,4,FALSE,,0.5
205200,2300,200,LSTM,1,28,,256,,,,5,TRUE,,0.1
205210,800,200,LSTM,2,28,,16,,,,2,TRUE,,0.2
205220,2700,300,LSTM,0,28,,32,,,,3,FALSE,,0.3
205230,150,100,LSTM,2,28,,64,,,,4,TRUE,,0.1
205240,250,0,LSTM,0,28,,128,,,,5,FALSE,,0.2
205250,500,250,LSTM,2,28,,256,,,,2,FALSE,,0.3
205260,450,300,LSTM,0,28,,16,,,,3,TRUE,,0.4
205270,900,100,LSTM,1,28,,32,,,,4,FALSE,,0.5
205280,1500,0,LSTM,0,28,,64,,,,5,TRUE,,0.1
205290,1200,300,LSTM,2,28,,128,,,,2,TRUE,,0.2
205300,1700,300,LSTM,0,28,,256,,,,3,FALSE,,0.3
205310,2700,300,LSTM,2,28,,16,,,,4,TRUE,,0.4
205320,500,0,LSTM,2,28,,32,,,,5,FALSE,,0.5
205330,2200,300,LSTM,0,28,,64,,,,2,FALSE,,0.1
205340,1800,200,LSTM,1,28,,128,,,,3,TRUE,,0.2
205350,700,50,LSTM,2,28,,256,,,,4,FALSE,,0.3
205360,2200,300,LSTM,0,28,,16,,,,5,TRUE,,0.4
205370,1500,0,LSTM,0,28,,32,,,,2,TRUE,,0.5
205380,1300,200,LSTM,1,28,,64,,,,3,FALSE,,0.1
205390,150,100,LSTM,2,28,,128,,,,4,TRUE,,0.2
205400,1800,200,LSTM,2,28,,256,,,,5,FALSE,,0.3
205410,2200,300,LSTM,1,28,,16,,,,2,FALSE,,0.1
205420,400,100,LSTM,0,28,,32,,,,3,TRUE,,0.2
205430,700,50,LSTM,1,28,,64,,,,4,FALSE,,0.3
205440,550,200,LSTM,2,28,,128,,,,5,TRUE,,0.4
205450,1000,0,LSTM,0,28,,256,,,,2,TRUE,,0.5
205460,1300,200,LSTM,2,28,,16,,,,3,FALSE,,0.1
205470,750,0,LSTM,0,28,,32,,,,4,TRUE,,0.2
205480,250,0,LSTM,1,28,,64,,,,5,FALSE,,0.3
205490,2800,200,LSTM,2,28,,128,,,,2,FALSE,,0.4
205500,450,300,LSTM,0,28,,256,,,,3,TRUE,,0.5
205510,250,0,LSTM,0,28,,16,,,,4,FALSE,,0.1
205520,1400,100,LSTM,1,28,,32,,,,5,TRUE,,0.2
205530,450,50,LSTM,2,28,,64,,,,2,TRUE,,0.3
205540,750,0,LSTM,2,28,,128,,,,3,FALSE,,0.4
205550,250,0,LSTM,0,28,,256,,,,4,TRUE,,0.5
205560,750,0,LSTM,1,28,,16,,,,5,FALSE,,0.1
205570,2200,300,LSTM,0,28,,32,,,,2,FALSE,,0.2
205580,900,100,LSTM,0,28,,64,,,,3,TRUE,,0.3
205590,750,0,LSTM,1,28,,128,,,,4,FALSE,,0.1
205600,450,50,LSTM,2,28,,256,,,,5,TRUE,,0.2
205610,300,200,LSTM,0,28,,16,,,,2,TRUE,,0.3
205620,1700,300,LSTM,1,28,,32,,,,3,FALSE,,0.4
205630,2900,100,LSTM,2,28,,64,,,,4,TRUE,,0.5
205640,1300,200,LSTM,0,28,,128,,,,5,FALSE,,0.1
205650,350,150,LSTM,2,28,,256,,,,2,FALSE,,0.2
205660,2300,200,LSTM,0,28,,16,,,,3,TRUE,,0.3
205670,1400,100,LSTM,1,28,,32,,,,4,FALSE,,0.4
205680,2500,0,LSTM,2,28,,64,,,,5,TRUE,,0.5
205690,1400,100,LSTM,0,28,,128,,,,2,TRUE,,0.1
205700,2900,100,LSTM,2,28,,256,,,,3,FALSE,,0.2
205710,2400,100,LSTM,0,28,,16,,,,4,TRUE,,0.3
205720,700,300,LSTM,1,28,,32,,,,5,FALSE,,0.4
205730,700,50,LSTM,2,28,,64,,,,2,FALSE,,0.5
205740,2300,200,LSTM,2,28,,128,,,,3,TRUE,,0.1
205750,3000,0,LSTM,0,28,,256,,,,4,FALSE,,0.2
205760,700,50,LSTM,1,28,,16,,,,5,TRUE,,0.3
205770,1300,200,LSTM,2,28,,32,,,,2,TRUE,,0.1
205780,1000,0,LSTM,0,28,,64,,,,3,FALSE,,0.2
205790,650,100,LSTM,1,28,,128,,,,4,TRUE,,0.3
205800,2900,100,LSTM,0,28,,256,,,,5,FALSE,,0.4
205810,550,200,LSTM,1,28,,16,,,,2,FALSE,,0.5
205820,1700,300,LSTM,2,28,,32,,,,3,TRUE,,0.1
205830,1900,100,LSTM,0,28,,64,,,,4,FALSE,,0.2
205840,600,150,LSTM,2,28,,128,,,,5,TRUE,,0.3
205850,2700,300,LSTM,0,28,,256,,,,2,TRUE,,0.4
205860,2200,300,LSTM,2,28,,16,,,,3,FALSE,,0.5
205870,1900,100,LSTM,0,28,,32,,,,4,TRUE,,0.1
205880,2400,100,LSTM,1,28,,64,,,,5,FALSE,,0.2
205890,350,150,LSTM,2,28,,128,,,,2,FALSE,,0.3
205900,450,300,LSTM,0,28,,256,,,,3,TRUE,,0.4
205910,700,50,LSTM,0,28,,16,,,,4,FALSE,,0.5
205920,900,100,LSTM,1,28,,32,,,,5,TRUE,,0.1
205930,1700,300,LSTM,2,28,,64,,,,2,TRUE,,0.2
205940,250,0,LSTM,0,28,,128,,,,3,FALSE,,0.3
205950,500,0,LSTM,1,28,,256,,,,4,TRUE,,0.1
205960,800,200,LSTM,0,28,,16,,,,5,FALSE,,0.2
205970,100,0,LSTM,1,28,,32,,,,2,FALSE,,0.3
205980,500,0,LSTM,2,28,,64,,,,3,TRUE,,0.4
205990,2700,300,LSTM,0,28,,128,,,,4,FALSE,,0.5
206000,500,250,LSTM,1,28,,256,,,,5,TRUE,,0.1
206010,350,150,LSTM,0,28,,16,,,,2,TRUE,,0.2
206020,400,100,LSTM,1,28,,32,,,,3,FALSE,,0.3
206030,1400,100,LSTM,2,28,,64,,,,4,TRUE,,0.4
206040,250,0,LSTM,1,28,,128,,,,5,FALSE,,0.5
206050,300,200,LSTM,2,28,,256,,,,2,FALSE,,0.1
206060,2900,100,LSTM,0,28,,16,,,,3,TRUE,,0.2
206070,1000,0,LSTM,1,28,,32,,,,4,FALSE,,0.3
206080,700,300,LSTM,2,28,,64,,,,5,TRUE,,0.4
206090,600,150,LSTM,0,28,,128,,,,2,TRUE,,0.5
206100,1000,0,LSTM,1,28,,256,,,,3,FALSE,,0.1
206110,3000,0,LSTM,0,28,,16,,,,4,TRUE,,0.2
206120,2200,300,LSTM,2,28,,32,,,,5,FALSE,,0.3
206130,650,100,LSTM,0,28,,64,,,,2,FALSE,,0.1
206140,200,50,LSTM,1,28,,128,,,,3,TRUE,,0.2
206150,1800,200,LSTM,2,28,,256,,,,4,FALSE,,0.3
206160,150,100,LSTM,0,28,,16,,,,5,TRUE,,0.4
206170,500,250,LSTM,1,28,,32,,,,2,TRUE,,0.5
206180,600,150,LSTM,2,28,,64,,,,3,FALSE,,0.1
206190,700,300,LSTM,0,28,,128,,,,4,TRUE,,0.2
206200,1200,300,LSTM,1,28,,256,,,,5,FALSE,,0.3
206210,750,0,LSTM,2,28,,16,,,,2,FALSE,,0.4
206220,2300,200,LSTM,0,28,,32,,,,3,TRUE,,0.5
206230,2400,100,LSTM,1,28,,64,,,,4,FALSE,,0.1
206240,2200,300,LSTM,0,28,,128,,,,5,TRUE,,0.2
206250,1800,200,LSTM,1,28,,256,,,,2,TRUE,,0.3
206260,2000,0,LSTM,2,28,,16,,,,3,FALSE,,0.4
206270,2800,200,LSTM,0,28,,32,,,,4,TRUE,,0.5
206280,1500,0,LSTM,1,28,,64,,,,5,FALSE,,0.1
206290,750,0,LSTM,2,28,,128,,,,2,FALSE,,0.2
206300,500,250,LSTM,0,28,,256,,,,3,TRUE,,0.3
206310,150,100,LSTM,1,28,,16,,,,4,FALSE,,0.1
206320,200,50,LSTM,2,28,,32,,,,5,TRUE,,0.2
206330,700,300,LSTM,1,28,,64,,,,2,TRUE,,0.3
206340,2500,0,LSTM,2,28,,128,,,,3,FALSE,,0.4
206350,200,50,LSTM,0,28,,256,,,,4,TRUE,,0.5
206360,350,150,LSTM,2,28,,16,,,,5,FALSE,,0.1
206370,2500,0,LSTM,0,28,,32,,,,2,FALSE,,0.2
206380,700,50,LSTM,1,28,,64,,,,3,TRUE,,0.3
206390,1400,100,LSTM,2,28,,128,,,,4,FALSE,,0.4
206400,3000,0,LSTM,0,28,,256,,,,5,TRUE,,0.5
206410,2300,200,LSTM,1,28,,16,,,,2,TRUE,,0.1
206420,400,100,LSTM,0,28,,32,,,,3,FALSE,,0.2
206430,1300,200,LSTM,1,28,,64,,,,4,TRUE,,0.3
206440,2300,200,LSTM,0,28,,128,,,,5,FALSE,,0.4
206450,3000,0,LSTM,2,28,,256,,,,2,FALSE,,0.5
206460,2000,0,LSTM,0,28,,16,,,,3,TRUE,,0.1
206470,1200,300,LSTM,1,28,,32,,,,4,FALSE,,0.2
206480,2900,100,LSTM,2,28,,64,,,,5,TRUE,,0.3
206490,350,150,LSTM,1,28,,128,,,,2,TRUE,,0.1
206500,500,250,LSTM,2,28,,256,,,,3,FALSE,,0.2
206510,900,100,LSTM,0,28,,16,,,,4,TRUE,,0.3
206520,450,50,LSTM,2,28,,32,,,,5,FALSE,,0.4
206530,200,50,LSTM,0,28,,64,,,,2,FALSE,,0.5
206540,150,100,LSTM,1,28,,128,,,,3,TRUE,,0.1
206550,2400,100,LSTM,0,28,,256,,,,4,FALSE,,0.2
206560,1700,300,LSTM,1,28,,16,,,,5,TRUE,,0.3
206570,300,200,LSTM,2,28,,32,,,,2,TRUE,,0.4
206580,2000,0,LSTM,0,28,,64,,,,3,FALSE,,0.5
206590,2400,100,LSTM,1,28,,128,,,,4,TRUE,,0.1
206600,2500,0,LSTM,2,28,,256,,,,5,FALSE,,0.2
206610,450,300,LSTM,0,28,,16,,,,2,FALSE,,0.3
206620,500,0,LSTM,1,28,,32,,,,3,TRUE,,0.4
206630,150,100,LSTM,2,28,,64,,,,4,FALSE,,0.5
206640,2400,100,LSTM,0,28,,128,,,,5,TRUE,,0.1
206650,1800,200,LSTM,1,28,,256,,,,2,TRUE,,0.2
206660,2500,0,LSTM,2,28,,16,,,,3,FALSE,,0.3
206670,450,300,LSTM,1,28,,32,,,,4,TRUE,,0.1
206680,600,150,LSTM,0,28,,64,,,,5,FALSE,,0.2
206690,500,0,LSTM,1,28,,128,,,,2,FALSE,,0.3
206700,650,100,LSTM,0,28,,256,,,,3,TRUE,,0.4
206710,2300,200,LSTM,1,28,,16,,,,4,FALSE,,0.5
206720,450,300,LSTM,2,28,,32,,,,5,TRUE,,0.1
206730,400,100,LSTM,0,28,,64,,,,2,TRUE,,0.2
206740,300,200,LSTM,2,28,,128,,,,3,FALSE,,0.3
206750,1200,300,LSTM,0,28,,256,,,,4,TRUE,,0.4
206760,2200,300,LSTM,1,28,,16,,,,5,FALSE,,0.5
206770,2000,0,LSTM,2,28,,32,,,,2,FALSE,,0.1
206780,650,100,LSTM,0,28,,64,,,,3,TRUE,,0.2
206790,1300,200,LSTM,1,28,,128,,,,4,FALSE,,0.3
206800,500,250,LSTM,2,28,,256,,,,5,TRUE,,0.4
206810,450,300,LSTM,0,28,,16,,,,2,TRUE,,0.5
206820,2000,0,LSTM,1,28,,32,,,,3,FALSE,,0.1
206830,450,50,LSTM,2,28,,64,,,,4,TRUE,,0.2
206840,1300,200,LSTM,0,28,,128,,,,5,FALSE,,0.3
206850,1000,0,LSTM,1,28,,256,,,,2,FALSE,,0.1
206860,500,0,LSTM,2,28,,16,,,,3,TRUE,,0.2
206870,900,100,LSTM,0,28,,32,,,,4,FALSE,,0.3
206880,800,200,LSTM,1,28,,64,,,,5,TRUE,,0.4
206890,2900,100,LSTM,2,28,,128,,,,2,TRUE,,0.5
206900,1900,100,LSTM,0,28,,256,,,,3,FALSE,,0.1
206910,2800,200,LSTM,1,28,,16,,,,4,TRUE,,0.2
206920,300,200,LSTM,2,28,,32,,,,5,FALSE,,0.3
206930,350,150,LSTM,0,28,,64,,,,2,FALSE,,0.4
206940,900,100,LSTM,1,28,,128,,,,3,TRUE,,0.5
206950,1500,0,LSTM,0,28,,256,,,,4,FALSE,,0.1
206960,150,100,LSTM,1,28,,16,,,,5,TRUE,,0.2
206970,2500,0,LSTM,2,28,,32,,,,2,TRUE,,0.3
206980,450,300,LSTM,0,28,,64,,,,3,FALSE,,0.4
206990,1700,300,LSTM,1,28,,128,,,,4,TRUE,,0.5
207000,800,200,LSTM,2,28,,256,,,,5,FALSE,,0.1
207010,1900,100,LSTM,0,28,,16,,,,2,FALSE,,0.2
207020,300,200,LSTM,2,28,,32,,,,3,TRUE,,0.3
207030,700,50,LSTM,0,28,,64,,,,4,FALSE,,0.1
207040,2400,100,LSTM,1,28,,128,,,,5,TRUE,,0.2
207050,600,150,LSTM,2,28,,256,,,,2,TRUE,,0.3
207060,2400,100,LSTM,0,28,,16,,,,3,FALSE,,0.4
207070,700,300,LSTM,1,28,,32,,,,4,TRUE,,0.5
207080,1400,100,LSTM,0,28,,64,,,,5,FALSE,,0.1
207090,100,0,LSTM,1,28,,128,,,,2,FALSE,,0.2
207100,700,300,LSTM,2,28,,256,,,,3,TRUE,,0.3
207110,400,100,LSTM,0,28,,16,,,,4,FALSE,,0.4
207120,2400,100,LSTM,1,28,,32,,,,5,TRUE,,0.5
207130,1500,0,LSTM,2,28,,64,,,,2,TRUE,,0.1
207140,1200,300,LSTM,0,28,,128,,,,3,FALSE,,0.2
207150,2200,300,LSTM,1,28,,256,,,,4,TRUE,,0.3
207160,700,300,LSTM,0,28,,16,,,,5,FALSE,,0.4
207170,2300,200,LSTM,1,28,,32,,,,2,FALSE,,0.5
207180,700,50,LSTM,1,28,,64,,,,3,TRUE,,0.1
207190,550,200,LSTM,2,28,,128,,,,4,FALSE,,0.2
207200,100,0,LSTM,0,28,,256,,,,5,TRUE,,0.3
207210,100,0,LSTM,2,28,,16,,,,2,TRUE,,0.1
207220,550,200,LSTM,1,28,,32,,,,3,FALSE,,0.2
207230,2800,200,LSTM,2,28,,64,,,,4,TRUE,,0.3
207240,1300,200,LSTM,0,28,,128,,,,5,FALSE,,0.4
207250,500,250,LSTM,1,28,,256,,,,2,FALSE,,0.5
207260,2800,200,LSTM,2,28,,16,,,,3,TRUE,,0.1
207270,300,200,LSTM,1,28,,32,,,,4,FALSE,,0.2
207280,1300,200,LSTM,2,28,,64,,,,5,TRUE,,0.3
207290,1300,200,LSTM,0,28,,128,,,,2,TRUE,,0.4
207300,500,0,LSTM,2,28,,256,,,,3,FALSE,,0.5
207310,600,150,LSTM,0,28,,16,,,,4,TRUE,,0.1
207320,300,200,LSTM,1,28,,32,,,,5,FALSE,,0.2
207330,1500,0,LSTM,1,28,,64,,,,2,FALSE,,0.3
207340,200,50,LSTM,2,28,,128,,,,3,TRUE,,0.4
207350,100,0,LSTM,0,28,,256,,,,4,FALSE,,0.5
207360,1000,0,LSTM,0,28,,16,,,,5,TRUE,,0.1
207370,400,100,LSTM,1,28,,32,,,,2,TRUE,,0.2
207380,800,200,LSTM,2,28,,64,,,,3,FALSE,,0.3
207390,2300,200,LSTM,0,28,,128,,,,4,TRUE,,0.1
207400,750,0,LSTM,1,28,,256,,,,5,FALSE,,0.2
207410,1200,300,LSTM,2,28,,16,,,,2,FALSE,,0.3
207420,2300,200,LSTM,0,28,,32,,,,3,TRUE,,0.4
207430,1000,0,LSTM,2,28,,64,,,,4,FALSE,,0.5
207440,2000,0,LSTM,1,28,,128,,,,5,TRUE,,0.1
207450,2500,0,LSTM,2,28,,256,,,,2,TRUE,,0.2
207460,700,50,LSTM,0,28,,16,,,,3,FALSE,,0.3
207470,1400,100,LSTM,1,28,,32,,,,4,TRUE,,0.4
207480,1200,300,LSTM,2,28,,64,,,,5,FALSE,,0.5
207490,550,200,LSTM,1,28,,128,,,,2,FALSE,,0.1
207500,1900,100,LSTM,2,28,,256,,,,3,TRUE,,0.2
207510,300,200,LSTM,1,28,,16,,,,4,FALSE,,0.3
207520,1300,200,LSTM,2,28,,32,,,,5,TRUE,,0.4
207530,900,100,LSTM,0,28,,64,,,,2,TRUE,,0.5
207540,650,100,LSTM,1,28,,128,,,,3,FALSE,,0.1
207550,150,100,LSTM,2,28,,256,,,,4,TRUE,,0.2
207560,200,50,LSTM,1,28,,16,,,,5,FALSE,,0.3
207570,550,200,LSTM,2,28,,32,,,,2,FALSE,,0.1
207580,700,300,LSTM,0,28,,64,,,,3,TRUE,,0.2
207590,450,300,LSTM,1,28,,128,,,,4,FALSE,,0.3
207600,550,200,LSTM,2,28,,256,,,,5,TRUE,,0.4
207610,1900,100,LSTM,1,28,,16,,,,2,TRUE,,0.5
207620,1400,100,LSTM,1,28,,32,,,,3,FALSE,,0.1
207630,1400,100,LSTM,2,28,,64,,,,4,TRUE,,0.2
207640,450,50,LSTM,0,28,,128,,,,5,FALSE,,0.3
207650,1500,0,LSTM,1,28,,256,,,,2,FALSE,,0.4
207660,2200,300,LSTM,0,28,,16,,,,3,TRUE,,0.5
207670,750,0,LSTM,1,28,,32,,,,4,FALSE,,0.1
207680,450,50,LSTM,2,28,,64,,,,5,TRUE,,0.2
207690,450,50,LSTM,2,28,,128,,,,2,TRUE,,0.3
207700,100,0,LSTM,0,28,,256,,,,3,FALSE,,0.4
207710,700,50,LSTM,1,28,,16,,,,4,TRUE,,0.5
207720,1900,100,LSTM,2,28,,32,,,,5,FALSE,,0.1
207730,450,50,LSTM,1,28,,64,,,,2,FALSE,,0.2
207740,2900,100,LSTM,2,28,,128,,,,3,TRUE,,0.3
207750,1300,200,LSTM,0,28,,256,,,,4,FALSE,,0.1
207760,1200,300,LSTM,1,28,,16,,,,5,TRUE,,0.2
207770,2800,200,LSTM,2,28,,32,,,,2,TRUE,,0.3
207780,350,150,LSTM,1,28,,64,,,,3,FALSE,,0.4
207790,500,0,LSTM,2,28,,128,,,,4,TRUE,,0.5
207800,250,0,LSTM,0,28,,256,,,,5,FALSE,,0.1
207810,600,150,LSTM,1,28,,16,,,,2,FALSE,,0.2
207820,2300,200,LSTM,2,28,,32,,,,3,TRUE,,0.3
207830,750,0,LSTM,1,28,,64,,,,4,FALSE,,0.4
207840,150,100,LSTM,2,28,,128,,,,5,TRUE,,0.5
207850,500,250,LSTM,0,28,,256,,,,2,TRUE,,0.1
207860,1400,100,LSTM,1,28,,16,,,,3,FALSE,,0.2
207870,2400,100,LSTM,2,28,,32,,,,4,TRUE,,0.3
207880,750,0,LSTM,1,28,,64,,,,5,FALSE,,0.4
207890,200,50,LSTM,2,28,,128,,,,2,FALSE,,0.5
207900,2300,200,LSTM,0,28,,256,,,,3,TRUE,,0.1
207910,2300,200,LSTM,1,28,,16,,,,4,FALSE,,0.2
207920,650,100,LSTM,2,28,,32,,,,5,TRUE,,0.3
207930,500,0,LSTM,0,28,,64,,,,2,TRUE,,0.1
207940,2900,100,LSTM,2,28,,128,,,,3,FALSE,,0.2
207950,2200,300,LSTM,0,28,,256,,,,4,TRUE,,0.3
207960,600,150,LSTM,2,28,,16,,,,5,FALSE,,0.4
207970,200,50,LSTM,2,28,,32,,,,2,FALSE,,0.5
207980,400,100,LSTM,0,28,,64,,,,3,TRUE,,0.1
207990,1000,0,LSTM,1,28,,128,,,,4,FALSE,,0.2
208000,2800,200,LSTM,2,28,,256,,,,5,TRUE,,0.3
208010,1700,300,LSTM,2,28,,16,,,,2,TRUE,,0.4
208020,250,0,LSTM,0,28,,32,,,,3,FALSE,,0.5
208030,1000,0,LSTM,1,28,,64,,,,4,TRUE,,0.1
208040,400,100,LSTM,2,28,,128,,,,5,FALSE,,0.2
208050,1800,200,LSTM,2,28,,256,,,,2,FALSE,,0.3
208060,2300,200,LSTM,0,28,,16,,,,3,TRUE,,0.4
208070,700,300,LSTM,2,28,,32,,,,4,FALSE,,0.5
208080,700,50,LSTM,0,28,,64,,,,5,TRUE,,0.1
208090,800,200,LSTM,2,28,,128,,,,2,TRUE,,0.2
208100,450,300,LSTM,1,28,,256,,,,3,FALSE,,0.3
208110,450,50,LSTM,2,28,,16,,,,4,TRUE,,0.1
208120,250,0,LSTM,0,28,,32,,,,5,FALSE,,0.2
208130,600,150,LSTM,1,28,,64,,,,2,FALSE,,0.3
208140,2700,300,LSTM,2,28,,128,,,,3,TRUE,,0.4
208150,2500,0,LSTM,1,28,,256,,,,4,FALSE,,0.5
208160,2000,0,LSTM,2,28,,16,,,,5,TRUE,,0.1
208170,1800,200,LSTM,1,28,,32,,,,2,TRUE,,0.2
208180,100,0,LSTM,2,28,,64,,,,3,FALSE,,0.3
208190,450,300,LSTM,0,28,,128,,,,4,TRUE,,0.4
208200,700,300,LSTM,1,28,,256,,,,5,FALSE,,0.5
208210,1300,200,LSTM,2,28,,16,,,,2,FALSE,,0.1
208220,650,100,LSTM,0,28,,32,,,,3,TRUE,,0.2
208230,2400,100,LSTM,1,28,,64,,,,4,FALSE,,0.3
208240,800,200,LSTM,2,28,,128,,,,5,TRUE,,0.4
208250,2200,300,LSTM,1,28,,256,,,,2,TRUE,,0.5
208260,2800,200,LSTM,2,28,,16,,,,3,FALSE,,0.1
208270,400,100,LSTM,1,28,,32,,,,4,TRUE,,0.2
208280,2400,100,LSTM,0,28,,64,,,,5,FALSE,,0.3
208290,2900,100,LSTM,1,28,,128,,,,2,FALSE,,0.1
208300,1800,200,LSTM,0,28,,256,,,,3,TRUE,,0.2
208310,2700,300,LSTM,1,28,,16,,,,4,FALSE,,0.3
208320,450,300,LSTM,2,28,,32,,,,5,TRUE,,0.4
208330,1900,100,LSTM,1,28,,64,,,,2,TRUE,,0.5
208340,500,0,LSTM,2,28,,128,,,,3,FALSE,,0.1
208350,3000,0,LSTM,0,28,,256,,,,4,TRUE,,0.2
208360,1500,0,LSTM,1,28,,16,,,,5,FALSE,,0.3
208370,500,250,LSTM,2,28,,32,,,,2,FALSE,,0.4
208380,400,100,LSTM,0,28,,64,,,,3,TRUE,,0.5
208390,700,50,LSTM,1,28,,128,,,,4,FALSE,,0.1
208400,500,0,LSTM,0,28,,256,,,,5,TRUE,,0.2
208410,100,0,LSTM,1,28,,16,,,,2,TRUE,,0.3
208420,1300,200,LSTM,2,28,,32,,,,3,FALSE,,0.4
208430,350,150,LSTM,0,28,,64,,,,4,TRUE,,0.5
208440,200,50,LSTM,1,28,,128,,,,5,FALSE,,0.1
208450,350,150,LSTM,2,28,,256,,,,2,FALSE,,0.2
208460,2400,100,LSTM,0,28,,16,,,,3,TRUE,,0.3
208470,1400,100,LSTM,1,28,,32,,,,4,FALSE,,0.1
208480,2000,0,LSTM,0,28,,64,,,,5,TRUE,,0.2
208490,400,100,LSTM,1,28,,128,,,,2,TRUE,,0.3
208500,350,150,LSTM,0,28,,256,,,,3,FALSE,,0.4
208510,2200,300,LSTM,1,28,,16,,,,4,TRUE,,0.5
208520,150,100,LSTM,2,28,,32,,,,5,FALSE,,0.1
208530,550,200,LSTM,0,28,,64,,,,2,FALSE,,0.2
208540,2700,300,LSTM,2,28,,128,,,,3,TRUE,,0.3
208550,100,0,LSTM,0,28,,256,,,,4,FALSE,,0.4
208560,3000,0,LSTM,1,28,,16,,,,5,TRUE,,0.5
208570,150,100,LSTM,1,28,,32,,,,2,TRUE,,0.1
208580,1500,0,LSTM,2,28,,64,,,,3,FALSE,,0.2
208590,1500,0,LSTM,0,28,,128,,,,4,TRUE,,0.3
208600,1800,200,LSTM,1,28,,256,,,,5,FALSE,,0.4
208610,400,100,LSTM,0,28,,16,,,,2,FALSE,,0.5
208620,1900,100,LSTM,1,28,,32,,,,3,TRUE,,0.1
208630,450,50,LSTM,0,28,,64,,,,4,FALSE,,0.2
208640,1400,100,LSTM,1,28,,128,,,,5,TRUE,,0.3
208650,2400,100,LSTM,2,28,,256,,,,2,TRUE,,0.1
208660,700,50,LSTM,1,28,,16,,,,3,FALSE,,0.2
208670,1700,300,LSTM,2,28,,32,,,,4,TRUE,,0.3
208680,2400,100,LSTM,0,28,,64,,,,5,FALSE,,0.4
208690,450,300,LSTM,2,28,,128,,,,2,FALSE,,0.5
208700,550,200,LSTM,0,28,,256,,,,3,TRUE,,0.1
208710,1400,100,LSTM,1,28,,16,,,,4,FALSE,,0.2
208720,3000,0,LSTM,2,28,,32,,,,5,TRUE,,0.3
208730,2200,300,LSTM,0,28,,64,,,,2,TRUE,,0.4
208740,550,200,LSTM,1,28,,128,,,,3,FALSE,,0.5
208750,700,50,LSTM,2,28,,256,,,,4,TRUE,,0.1
208760,1300,200,LSTM,0,28,,16,,,,5,FALSE,,0.2
208770,1400,100,LSTM,1,28,,32,,,,2,FALSE,,0.3
208780,3000,0,LSTM,2,28,,64,,,,3,TRUE,,0.4
208790,750,0,LSTM,0,28,,128,,,,4,FALSE,,0.5
208800,500,0,LSTM,1,28,,256,,,,5,TRUE,,0.1
208810,1000,0,LSTM,2,28,,16,,,,2,TRUE,,0.2
208820,2000,0,LSTM,0,28,,32,,,,3,FALSE,,0.3
208830,350,150,LSTM,1,28,,64,,,,4,TRUE,,0.1
208840,3000,0,LSTM,2,28,,128,,,,5,FALSE,,0.2
208850,1000,0,LSTM,0,28,,256,,,,2,FALSE,,0.3
208860,700,300,LSTM,1,28,,16,,,,3,TRUE,,0.4
208870,900,100,LSTM,2,28,,32,,,,4,FALSE,,0.5
208880,3000,0,LSTM,0,28,,64,,,,5,TRUE,,0.1
208890,2800,200,LSTM,1,28,,128,,,,2,TRUE,,0.2
208900,400,100,LSTM,0,28,,256,,,,3,FALSE,,0.3
208910,2700,300,LSTM,0,28,,16,,,,4,TRUE,,0.4
208920,700,50,LSTM,1,28,,32,,,,5,FALSE,,0.5
208930,2700,300,LSTM,0,28,,64,,,,2,FALSE,,0.1
208940,150,100,LSTM,1,28,,128,,,,3,TRUE,,0.2
208950,2800,200,LSTM,2,28,,256,,,,4,FALSE,,0.3
208960,200,50,LSTM,0,28,,16,,,,5,TRUE,,0.4
208970,2400,100,LSTM,2,28,,32,,,,2,TRUE,,0.5
208980,2200,300,LSTM,0,28,,64,,,,3,FALSE,,0.1
208990,700,300,LSTM,1,28,,128,,,,4,TRUE,,0.2
209000,1700,300,LSTM,2,28,,256,,,,5,FALSE,,0.3
209010,200,50,LSTM,0,28,,16,,,,2,FALSE,,0.1
209020,700,50,LSTM,1,28,,32,,,,3,TRUE,,0.2
209030,500,0,LSTM,1,28,,64,,,,4,FALSE,,0.3
209040,2800,200,LSTM,1,28,,128,,,,5,TRUE,,0.4
209050,1700,300,LSTM,2,28,,256,,,,2,TRUE,,0.5
209060,2200,300,LSTM,0,28,,16,,,,3,FALSE,,0.1
209070,600,150,LSTM,1,28,,32,,,,4,TRUE,,0.2
209080,750,0,LSTM,0,28,,64,,,,5,FALSE,,0.3
209090,3000,0,LSTM,1,28,,128,,,,2,FALSE,,0.4
209100,300,200,LSTM,2,28,,256,,,,3,TRUE,,0.5
209110,1000,0,LSTM,0,28,,16,,,,4,FALSE,,0.1
209120,900,100,LSTM,1,28,,32,,,,5,TRUE,,0.2
209130,450,50,LSTM,2,28,,64,,,,2,TRUE,,0.3
209140,550,200,LSTM,0,28,,128,,,,3,FALSE,,0.4
209150,2900,100,LSTM,1,28,,256,,,,4,TRUE,,0.5
209160,1000,0,LSTM,2,28,,16,,,,5,FALSE,,0.1
209170,550,200,LSTM,0,28,,32,,,,2,FALSE,,0.2
209180,300,200,LSTM,1,28,,64,,,,3,TRUE,,0.3
209190,800,200,LSTM,2,28,,128,,,,4,FALSE,,0.1
209200,350,150,LSTM,0,28,,256,,,,5,TRUE,,0.2
209210,1400,100,LSTM,2,28,,16,,,,2,TRUE,,0.3
209220,1900,100,LSTM,0,28,,32,,,,3,FALSE,,0.4
209230,1300,200,LSTM,2,28,,64,,,,4,TRUE,,0.5
209240,800,200,LSTM,0,28,,128,,,,5,FALSE,,0.1
209250,2500,0,LSTM,1,28,,256,,,,2,FALSE,,0.2
209260,550,200,LSTM,2,28,,16,,,,3,TRUE,,0.3
209270,100,0,LSTM,0,28,,32,,,,4,FALSE,,0.4
209280,1500,0,LSTM,1,28,,64,,,,5,TRUE,,0.5
209290,200,50,LSTM,0,28,,128,,,,2,TRUE,,0.1
209300,1000,0,LSTM,2,28,,256,,,,3,FALSE,,0.2
209310,650,100,LSTM,0,28,,16,,,,4,TRUE,,0.3
209320,1400,100,LSTM,1,28,,32,,,,5,FALSE,,0.4
209330,700,50,LSTM,2,28,,64,,,,2,FALSE,,0.5
209340,1700,300,LSTM,0,28,,128,,,,3,TRUE,,0.1
209350,1200,300,LSTM,2,28,,256,,,,4,FALSE,,0.2
209360,600,150,LSTM,0,28,,16,,,,5,TRUE,,0.3
209370,500,250,LSTM,1,28,,32,,,,2,TRUE,,0.1
209380,2900,100,LSTM,2,28,,64,,,,3,FALSE,,0.2
209390,1500,0,LSTM,0,28,,128,,,,4,TRUE,,0.3
209400,650,100,LSTM,1,28,,256,,,,5,FALSE,,0.4
209410,2200,300,LSTM,2,28,,16,,,,2,FALSE,,0.5
209420,2400,100,LSTM,0,28,,32,,,,3,TRUE,,0.1
209430,350,150,LSTM,1,28,,64,,,,4,FALSE,,0.2
209440,2000,0,LSTM,2,28,,128,,,,5,TRUE,,0.3
209450,1700,300,LSTM,1,28,,256,,,,2,TRUE,,0.4
209460,3000,0,LSTM,0,28,,16,,,,3,FALSE,,0.5
209470,900,100,LSTM,1,28,,32,,,,4,TRUE,,0.1
209480,100,0,LSTM,2,28,,64,,,,5,FALSE,,0.2
209490,2800,200,LSTM,0,28,,128,,,,2,FALSE,,0.3
209500,2500,0,LSTM,2,28,,256,,,,3,TRUE,,0.4
209510,1800,200,LSTM,0,28,,16,,,,4,FALSE,,0.5
209520,1000,0,LSTM,0,28,,32,,,,5,TRUE,,0.1
209530,2800,200,LSTM,1,28,,64,,,,2,TRUE,,0.2
209540,550,200,LSTM,2,28,,128,,,,3,FALSE,,0.3
209550,1900,100,LSTM,0,28,,256,,,,4,TRUE,,0.1
209560,300,200,LSTM,1,28,,16,,,,5,FALSE,,0.2
209570,200,50,LSTM,2,28,,32,,,,2,FALSE,,0.3
209580,750,0,LSTM,0,28,,64,,,,3,TRUE,,0.4
209590,1400,100,LSTM,1,28,,128,,,,4,FALSE,,0.5
209600,1200,300,LSTM,0,28,,256,,,,5,TRUE,,0.1
209610,100,0,LSTM,1,28,,16,,,,2,TRUE,,0.2
209620,2800,200,LSTM,2,28,,32,,,,3,FALSE,,0.3
209630,2300,200,LSTM,0,28,,64,,,,4,TRUE,,0.4
209640,200,50,LSTM,1,28,,128,,,,5,FALSE,,0.5
209650,750,0,LSTM,2,28,,256,,,,2,FALSE,,0.1
209660,800,200,LSTM,0,28,,16,,,,3,TRUE,,0.2
209670,1300,200,LSTM,0,28,,32,,,,4,FALSE,,0.3
209680,800,200,LSTM,2,28,,64,,,,5,TRUE,,0.4
209690,300,200,LSTM,0,28,,128,,,,2,TRUE,,0.5
209700,1800,200,LSTM,1,28,,256,,,,3,FALSE,,0.1
209710,250,0,LSTM,0,28,,16,,,,4,TRUE,,0.2
209720,450,50,LSTM,1,28,,32,,,,5,FALSE,,0.3
209730,2000,0,LSTM,2,28,,64,,,,2,FALSE,,0.1
209740,2300,200,LSTM,0,28,,128,,,,3,TRUE,,0.2
209750,2000,0,LSTM,2,28,,256,,,,4,FALSE,,0.3
209760,3000,0,LSTM,0,28,,16,,,,5,TRUE,,0.4
209770,2900,100,LSTM,1,28,,32,,,,2,TRUE,,0.5
209780,2800,200,LSTM,2,28,,64,,,,3,FALSE,,0.1
209790,550,200,LSTM,0,28,,128,,,,4,TRUE,,0.2
209800,250,0,LSTM,1,28,,256,,,,5,FALSE,,0.3
209810,500,250,LSTM,2,28,,16,,,,2,FALSE,,0.4
209820,300,200,LSTM,0,28,,32,,,,3,TRUE,,0.5
209830,650,100,LSTM,1,28,,64,,,,4,FALSE,,0.1
209840,2500,0,LSTM,2,28,,128,,,,5,TRUE,,0.2
209850,600,150,LSTM,1,28,,256,,,,2,TRUE,,0.3
209860,1800,200,LSTM,2,28,,16,,,,3,FALSE,,0.4
209870,2000,0,LSTM,0,28,,32,,,,4,TRUE,,0.5
209880,500,0,LSTM,1,28,,64,,,,5,FALSE,,0.1
209890,1900,100,LSTM,2,28,,128,,,,2,FALSE,,0.2
209900,550,200,LSTM,0,28,,256,,,,3,TRUE,,0.3
209910,700,300,LSTM,1,28,,16,,,,4,FALSE,,0.1
209920,150,100,LSTM,1,28,,32,,,,5,TRUE,,0.2
209930,450,50,LSTM,2,28,,64,,,,2,TRUE,,0.3
209940,1300,200,LSTM,0,28,,128,,,,3,FALSE,,0.4
209950,1800,200,LSTM,1,28,,256,,,,4,TRUE,,0.5
209960,450,50,LSTM,2,28,,16,,,,5,FALSE,,0.1
209970,700,300,LSTM,1,28,,32,,,,2,FALSE,,0.2
209980,400,100,LSTM,0,28,,64,,,,3,TRUE,,0.3
209990,450,50,LSTM,1,28,,128,,,,4,FALSE,,0.4
210000,1000,0,LSTM,2,28,,256,,,,5,TRUE,,0.5
210010,600,150,LSTM,0,28,,16,,,,2,TRUE,,0.1
210020,1500,0,LSTM,1,28,,32,,,,3,FALSE,,0.2
210030,500,250,LSTM,2,28,,64,,,,4,TRUE,,0.3
210040,300,200,LSTM,0,28,,128,,,,5,FALSE,,0.4
210050,1000,0,LSTM,1,28,,256,,,,2,FALSE,,0.5
210060,250,0,LSTM,2,28,,16,,,,3,TRUE,,0.1
210070,1200,300,LSTM,0,28,,32,,,,4,FALSE,,0.2
210080,2800,200,LSTM,1,28,,64,,,,5,TRUE,,0.3
210090,300,200,LSTM,0,28,,128,,,,2,TRUE,,0.1
210100,1800,200,LSTM,2,28,,256,,,,3,FALSE,,0.2
210110,800,200,LSTM,0,28,,16,,,,4,TRUE,,0.3
210120,900,100,LSTM,1,28,,32,,,,5,FALSE,,0.4
210130,550,200,LSTM,2,28,,64,,,,2,FALSE,,0.5
210140,2200,300,LSTM,0,28,,128,,,,3,TRUE,,0.1
210150,700,300,LSTM,1,28,,256,,,,4,FALSE,,0.2
210160,250,0,LSTM,2,28,,16,,,,5,TRUE,,0.3
210170,1500,0,LSTM,0,28,,32,,,,2,TRUE,,0.4
210180,800,200,LSTM,1,28,,64,,,,3,FALSE,,0.5
210190,700,300,LSTM,2,28,,128,,,,4,TRUE,,0.1
210200,2200,300,LSTM,0,28,,256,,,,5,FALSE,,0.2
210210,650,100,LSTM,2,28,,16,,,,2,FALSE,,0.3
210220,3000,0,LSTM,0,28,,32,,,,3,TRUE,,0.4
210230,150,100,LSTM,1,28,,64,,,,4,FALSE,,0.5
210240,1900,100,LSTM,2,28,,128,,,,5,TRUE,,0.1
210250,800,200,LSTM,2,28,,256,,,,2,TRUE,,0.2
210260,2000,0,LSTM,0,28,,16,,,,3,FALSE,,0.3
210270,2700,300,LSTM,2,28,,32,,,,4,TRUE,,0.1
210280,600,150,LSTM,0,28,,64,,,,5,FALSE,,0.2
210290,3000,0,LSTM,0,28,,128,,,,2,FALSE,,0.3
210300,2000,0,LSTM,1,28,,256,,,,3,TRUE,,0.4
210310,1300,200,LSTM,2,28,,16,,,,4,FALSE,,0.5
210320,2500,0,LSTM,0,28,,32,,,,5,TRUE,,0.1
210330,3000,0,LSTM,1,28,,64,,,,2,TRUE,,0.2
210340,1200,300,LSTM,2,28,,128,,,,3,FALSE,,0.3
210350,600,150,LSTM,0,28,,256,,,,4,TRUE,,0.4
210360,1400,100,LSTM,1,28,,16,,,,5,FALSE,,0.5
210370,1900,100,LSTM,2,28,,32,,,,2,FALSE,,0.1
210380,300,200,LSTM,0,28,,64,,,,3,TRUE,,0.2
210390,650,100,LSTM,1,28,,128,,,,4,FALSE,,0.3
210400,300,200,LSTM,0,28,,256,,,,5,TRUE,,0.4
210410,700,50,LSTM,1,28,,16,,,,2,TRUE,,0.5
210420,600,150,LSTM,0,28,,32,,,,3,FALSE,,0.1
210430,3000,0,LSTM,0,28,,64,,,,4,TRUE,,0.2
210440,150,100,LSTM,2,28,,128,,,,5,FALSE,,0.3
210450,900,100,LSTM,1,28,,256,,,,2,FALSE,,0.1
210460,300,200,LSTM,2,28,,16,,,,3,TRUE,,0.2
210470,100,0,LSTM,0,28,,32,,,,4,FALSE,,0.3
210480,200,50,LSTM,1,28,,64,,,,5,TRUE,,0.4
210490,450,50,LSTM,0,28,,128,,,,2,TRUE,,0.5
210500,1800,200,LSTM,1,28,,256,,,,3,FALSE,,0.1
210510,1700,300,LSTM,2,28,,16,,,,4,TRUE,,0.2
210520,450,300,LSTM,0,28,,32,,,,5,FALSE,,0.3
210530,800,200,LSTM,1,28,,64,,,,2,FALSE,,0.4
210540,500,0,LSTM,2,28,,128,,,,3,TRUE,,0.5
210550,2700,300,LSTM,0,28,,256,,,,4,FALSE,,0.1
210560,500,0,LSTM,1,28,,16,,,,5,TRUE,,0.2
210570,1700,300,LSTM,1,28,,32,,,,2,TRUE,,0.3
210580,3000,0,LSTM,0,28,,64,,,,3,FALSE,,0.4
210590,350,150,LSTM,1,28,,128,,,,4,TRUE,,0.5
210600,2900,100,LSTM,2,28,,256,,,,5,FALSE,,0.1
210610,2500,0,LSTM,1,28,,16,,,,2,FALSE,,0.2
210620,300,200,LSTM,0,28,,32,,,,3,TRUE,,0.3
210630,2300,200,LSTM,1,28,,64,,,,4,FALSE,,0.1
210640,450,300,LSTM,2,28,,128,,,,5,TRUE,,0.2
210650,1300,200,LSTM,1,28,,256,,,,2,TRUE,,0.3
210660,700,50,LSTM,2,28,,16,,,,3,FALSE,,0.4
210670,2200,300,LSTM,0,28,,32,,,,4,TRUE,,0.5
210680,900,100,LSTM,2,28,,64,,,,5,FALSE,,0.1
210690,650,100,LSTM,0,28,,128,,,,2,FALSE,,0.2
210700,2200,300,LSTM,2,28,,256,,,,3,TRUE,,0.3
210710,400,100,LSTM,1,28,,16,,,,4,FALSE,,0.4
210720,1900,100,LSTM,0,28,,32,,,,5,TRUE,,0.5
210730,200,50,LSTM,1,28,,64,,,,2,TRUE,,0.1
210740,750,0,LSTM,2,28,,128,,,,3,FALSE,,0.2
210750,500,250,LSTM,0,28,,256,,,,4,TRUE,,0.3
210760,800,200,LSTM,1,28,,16,,,,5,FALSE,,0.4
210770,1700,300,LSTM,2,28,,32,,,,2,FALSE,,0.5
210780,300,200,LSTM,0,28,,64,,,,3,TRUE,,0.1
210790,400,100,LSTM,1,28,,128,,,,4,FALSE,,0.2
210800,500,0,LSTM,2,28,,256,,,,5,TRUE,,0.3
210810,800,200,LSTM,1,28,,16,,,,2,TRUE,,0.1
210820,700,50,LSTM,2,28,,32,,,,3,FALSE,,0.2
210830,400,100,LSTM,2,28,,64,,,,4,TRUE,,0.3
210840,2900,100,LSTM,0,28,,128,,,,5,FALSE,,0.4
210850,3000,0,LSTM,1,28,,256,,,,2,FALSE,,0.5
210860,2500,0,LSTM,2,28,,16,,,,3,TRUE,,0.1
210870,1000,0,LSTM,1,28,,32,,,,4,FALSE,,0.2
210880,1400,100,LSTM,2,28,,64,,,,5,TRUE,,0.3
210890,2900,100,LSTM,0,28,,128,,,,2,TRUE,,0.4
210900,650,100,LSTM,1,28,,256,,,,3,FALSE,,0.5
210910,2300,200,LSTM,2,28,,16,,,,4,TRUE,,0.1
210920,2300,200,LSTM,0,28,,32,,,,5,FALSE,,0.2
210930,100,0,LSTM,2,28,,64,,,,2,FALSE,,0.3
210940,2700,300,LSTM,0,28,,128,,,,3,TRUE,,0.4
210950,900,100,LSTM,1,28,,256,,,,4,FALSE,,0.5
210960,700,300,LSTM,2,28,,16,,,,5,TRUE,,0.1
210970,350,150,LSTM,1,28,,32,,,,2,TRUE,,0.2
210980,2200,300,LSTM,0,28,,64,,,,3,FALSE,,0.3
210990,700,300,LSTM,1,28,,128,,,,4,TRUE,,0.1
211000,350,150,LSTM,2,28,,256,,,,5,FALSE,,0.2
211010,750,0,LSTM,1,28,,16,,,,2,FALSE,,0.3
211020,1000,0,LSTM,2,28,,32,,,,3,TRUE,,0.4
211030,1700,300,LSTM,2,28,,64,,,,4,FALSE,,0.5
211040,300,200,LSTM,2,28,,128,,,,5,TRUE,,0.1
211050,2500,0,LSTM,2,28,,256,,,,2,TRUE,,0.2
211060,550,200,LSTM,0,28,,16,,,,3,FALSE,,0.3
211070,900,100,LSTM,1,28,,32,,,,4,TRUE,,0.4
211080,500,250,LSTM,1,28,,64,,,,5,FALSE,,0.5
211090,700,300,LSTM,2,28,,128,,,,2,FALSE,,0.1
211100,900,100,LSTM,0,28,,256,,,,3,TRUE,,0.2
211110,1900,100,LSTM,1,28,,16,,,,4,FALSE,,0.3
211120,500,250,LSTM,0,28,,32,,,,5,TRUE,,0.4
211130,450,50,LSTM,0,28,,64,,,,2,TRUE,,0.5
211140,100,0,LSTM,1,28,,128,,,,3,FALSE,,0.1
211150,200,50,LSTM,2,28,,256,,,,4,TRUE,,0.2
211160,2300,200,LSTM,2,28,,16,,,,5,FALSE,,0.3
211170,450,50,LSTM,1,28,,32,,,,2,FALSE,,0.1
211180,1300,200,LSTM,2,28,,64,,,,3,TRUE,,0.2
211190,1000,0,LSTM,1,28,,128,,,,4,FALSE,,0.3
211200,2900,100,LSTM,2,28,,256,,,,5,TRUE,,0.4
211210,2000,0,LSTM,0,28,,16,,,,2,TRUE,,0.5
211220,500,250,LSTM,1,28,,32,,,,3,FALSE,,0.1
211230,1200,300,LSTM,2,28,,64,,,,4,TRUE,,0.2
211240,1000,0,LSTM,0,28,,128,,,,5,FALSE,,0.3
211250,2700,300,LSTM,1,28,,256,,,,2,FALSE,,0.4
211260,2900,100,LSTM,2,28,,16,,,,3,TRUE,,0.5
211270,350,150,LSTM,2,28,,32,,,,4,FALSE,,0.1
211280,300,200,LSTM,0,28,,64,,,,5,TRUE,,0.2
211290,1000,0,LSTM,2,28,,128,,,,2,TRUE,,0.3
211300,2900,100,LSTM,0,28,,256,,,,3,FALSE,,0.4
211310,1000,0,LSTM,1,28,,16,,,,4,TRUE,,0.5
211320,800,200,LSTM,2,28,,32,,,,5,FALSE,,0.1
211330,2800,200,LSTM,0,28,,64,,,,2,FALSE,,0.2
211340,2700,300,LSTM,2,28,,128,,,,3,TRUE,,0.3
211350,1500,0,LSTM,0,28,,256,,,,4,FALSE,,0.1
211360,2500,0,LSTM,2,28,,16,,,,5,TRUE,,0.2
211370,700,300,LSTM,0,28,,32,,,,2,TRUE,,0.3
211380,700,50,LSTM,2,28,,64,,,,3,FALSE,,0.4
211390,2200,300,LSTM,0,28,,128,,,,4,TRUE,,0.5
211400,2400,100,LSTM,1,28,,256,,,,5,FALSE,,0.1
211410,2700,300,LSTM,2,28,,16,,,,2,FALSE,,0.2
211420,150,100,LSTM,0,28,,32,,,,3,TRUE,,0.3
211430,200,50,LSTM,1,28,,64,,,,4,FALSE,,0.4
211440,100,0,LSTM,2,28,,128,,,,5,TRUE,,0.5
211450,100,0,LSTM,0,28,,256,,,,2,TRUE,,0.1
211460,200,50,LSTM,2,28,,16,,,,3,FALSE,,0.2
211470,2800,200,LSTM,1,28,,32,,,,4,TRUE,,0.3
211480,450,300,LSTM,2,28,,64,,,,5,FALSE,,0.4
211490,1400,100,LSTM,0,28,,128,,,,2,FALSE,,0.5
211500,2200,300,LSTM,1,28,,256,,,,3,TRUE,,0.1
211510,1700,300,LSTM,2,28,,16,,,,4,FALSE,,0.2
211520,500,250,LSTM,0,28,,32,,,,5,TRUE,,0.3
211530,2200,300,LSTM,1,28,,64,,,,2,TRUE,,0.1
211540,1800,200,LSTM,2,28,,128,,,,3,FALSE,,0.2
211550,250,0,LSTM,1,28,,256,,,,4,TRUE,,0.3
211560,600,150,LSTM,2,28,,16,,,,5,FALSE,,0.4
211570,450,300,LSTM,0,28,,32,,,,2,FALSE,,0.5
211580,3000,0,LSTM,1,28,,64,,,,3,TRUE,,0.1
211590,1200,300,LSTM,2,28,,128,,,,4,FALSE,,0.2
211600,3000,0,LSTM,0,28,,256,,,,5,TRUE,,0.3
211610,200,50,LSTM,0,28,,16,,,,2,TRUE,,0.4
211620,2000,0,LSTM,2,28,,32,,,,3,FALSE,,0.5
211630,450,50,LSTM,0,28,,64,,,,4,TRUE,,0.1
211640,250,0,LSTM,1,28,,128,,,,5,FALSE,,0.2
211650,2700,300,LSTM,0,28,,256,,,,2,FALSE,,0.3
211660,1700,300,LSTM,1,28,,16,,,,3,TRUE,,0.4
211670,1200,300,LSTM,0,28,,32,,,,4,FALSE,,0.5
211680,300,200,LSTM,1,28,,64,,,,5,TRUE,,0.1
211690,800,200,LSTM,0,28,,128,,,,2,TRUE,,0.2
211700,2500,0,LSTM,1,28,,256,,,,3,FALSE,,0.3
211710,500,250,LSTM,2,28,,16,,,,4,TRUE,,0.1
211720,100,0,LSTM,1,28,,32,,,,5,FALSE,,0.2
211730,250,0,LSTM,2,28,,64,,,,2,FALSE,,0.3
211740,150,100,LSTM,0,28,,128,,,,3,TRUE,,0.4
211750,200,50,LSTM,1,28,,256,,,,4,FALSE,,0.5
211760,2900,100,LSTM,0,28,,16,,,,5,TRUE,,0.1
211770,600,150,LSTM,1,28,,32,,,,2,TRUE,,0.2
211780,2500,0,LSTM,2,28,,64,,,,3,FALSE,,0.3
211790,450,300,LSTM,0,28,,128,,,,4,TRUE,,0.4
211800,100,0,LSTM,1,28,,256,,,,5,FALSE,,0.5
211810,2400,100,LSTM,2,28,,16,,,,2,FALSE,,0.1
211820,450,50,LSTM,0,28,,32,,,,3,TRUE,,0.2
211830,2400,100,LSTM,1,28,,64,,,,4,FALSE,,0.3
211840,750,0,LSTM,2,28,,128,,,,5,TRUE,,0.4
211850,1200,300,LSTM,1,28,,256,,,,2,TRUE,,0.5
211860,550,200,LSTM,2,28,,16,,,,3,FALSE,,0.1
211870,1900,100,LSTM,0,28,,32,,,,4,TRUE,,0.2
211880,500,250,LSTM,2,28,,64,,,,5,FALSE,,0.3
211890,450,300,LSTM,0,28,,128,,,,2,FALSE,,0.1
211900,2400,100,LSTM,1,28,,256,,,,3,TRUE,,0.2
211910,2000,0,LSTM,2,28,,16,,,,4,FALSE,,0.3
211920,650,100,LSTM,0,28,,32,,,,5,TRUE,,0.4
211930,1800,200,LSTM,1,28,,64,,,,2,TRUE,,0.5
211940,400,100,LSTM,2,28,,128,,,,3,FALSE,,0.1
211950,2000,0,LSTM,0,28,,256,,,,4,TRUE,,0.2
211960,3000,0,LSTM,2,28,,16,,,,5,FALSE,,0.3
211970,2800,200,LSTM,0,28,,32,,,,2,FALSE,,0.4
211980,2000,0,LSTM,1,28,,64,,,,3,TRUE,,0.5
211990,900,100,LSTM,2,28,,128,,,,4,FALSE,,0.1
212000,650,100,LSTM,0,28,,256,,,,5,TRUE,,0.2
212010,450,300,LSTM,2,28,,16,,,,2,TRUE,,0.3
212020,500,0,LSTM,0,28,,32,,,,3,FALSE,,0.4
212030,2200,300,LSTM,1,28,,64,,,,4,TRUE,,0.5
212040,650,100,LSTM,2,28,,128,,,,5,FALSE,,0.1
212050,200,50,LSTM,1,28,,256,,,,2,FALSE,,0.2
212060,1700,300,LSTM,2,28,,16,,,,3,TRUE,,0.3
212070,2500,0,LSTM,0,28,,32,,,,4,FALSE,,0.1
212080,500,250,LSTM,2,28,,64,,,,5,TRUE,,0.2
212090,1500,0,LSTM,0,28,,128,,,,2,TRUE,,0.3
212100,1200,300,LSTM,1,28,,256,,,,3,FALSE,,0.4
212110,1300,200,LSTM,0,28,,16,,,,4,TRUE,,0.5
212120,1400,100,LSTM,1,28,,32,,,,5,FALSE,,0.1
212130,2900,100,LSTM,2,28,,64,,,,2,FALSE,,0.2
212140,300,200,LSTM,0,28,,128,,,,3,TRUE,,0.3
212150,750,0,LSTM,1,28,,256,,,,4,FALSE,,0.4
212160,200,50,LSTM,2,28,,16,,,,5,TRUE,,0.5
212170,3000,0,LSTM,0,28,,32,,,,2,TRUE,,0.1
212180,1200,300,LSTM,1,28,,64,,,,3,FALSE,,0.2
212190,1500,0,LSTM,2,28,,128,,,,4,TRUE,,0.3
212200,2800,200,LSTM,1,28,,256,,,,5,FALSE,,0.4
212210,3000,0,LSTM,2,28,,16,,,,2,FALSE,,0.5
212220,700,50,LSTM,0,28,,32,,,,3,TRUE,,0.1
212230,700,300,LSTM,1,28,,64,,,,4,FALSE,,0.2
212240,1900,100,LSTM,2,28,,128,,,,5,TRUE,,0.3
212250,1800,200,LSTM,0,28,,256,,,,2,TRUE,,0.1
212260,650,100,LSTM,0,28,,16,,,,3,FALSE,,0.2
212270,600,150,LSTM,1,28,,32,,,,4,TRUE,,0.3
212280,2000,0,LSTM,2,28,,64,,,,5,FALSE,,0.4
212290,150,100,LSTM,0,28,,128,,,,2,FALSE,,0.5
212300,400,100,LSTM,1,28,,256,,,,3,TRUE,,0.1
212310,2500,0,LSTM,2,28,,16,,,,4,FALSE,,0.2
212320,2700,300,LSTM,0,28,,32,,,,5,TRUE,,0.3
212330,2800,200,LSTM,1,28,,64,,,,2,TRUE,,0.4
212340,650,100,LSTM,2,28,,128,,,,3,FALSE,,0.5
212350,1800,200,LSTM,1,28,,256,,,,4,TRUE,,0.1
212360,2800,200,LSTM,0,28,,16,,,,5,FALSE,,0.2
212370,500,0,LSTM,1,28,,32,,,,2,FALSE,,0.3
212380,1500,0,LSTM,2,28,,64,,,,3,TRUE,,0.4
212390,1900,100,LSTM,0,28,,128,,,,4,FALSE,,0.5
212400,1800,200,LSTM,1,28,,256,,,,5,TRUE,,0.1
212410,2000,0,LSTM,2,28,,16,,,,2,TRUE,,0.2
212420,2400,100,LSTM,0,28,,32,,,,3,FALSE,,0.3
212430,2300,200,LSTM,1,28,,64,,,,4,TRUE,,0.1
212440,500,250,LSTM,2,28,,128,,,,5,FALSE,,0.2
212450,450,300,LSTM,2,28,,256,,,,2,FALSE,,0.3
212460,450,50,LSTM,1,28,,16,,,,3,TRUE,,0.4
212470,2200,300,LSTM,0,28,,32,,,,4,FALSE,,0.5
212480,700,50,LSTM,2,28,,64,,,,5,TRUE,,0.1
212490,1400,100,LSTM,1,28,,128,,,,2,TRUE,,0.2
212500,400,100,LSTM,2,28,,256,,,,3,FALSE,,0.3
212510,450,50,LSTM,0,28,,16,,,,4,TRUE,,0.4
212520,2800,200,LSTM,1,28,,32,,,,5,FALSE,,0.5
212530,1200,300,LSTM,2,28,,64,,,,2,FALSE,,0.1
212540,1300,200,LSTM,0,28,,128,,,,3,TRUE,,0.2
212550,600,150,LSTM,1,28,,256,,,,4,FALSE,,0.3
212560,350,150,LSTM,0,28,,16,,,,5,TRUE,,0.4
212570,1000,0,LSTM,2,28,,32,,,,2,TRUE,,0.5
212580,100,0,LSTM,0,28,,64,,,,3,FALSE,,0.1
212590,400,100,LSTM,1,28,,128,,,,4,TRUE,,0.2
212600,1000,0,LSTM,2,28,,256,,,,5,FALSE,,0.3
212610,1500,0,LSTM,0,28,,16,,,,2,FALSE,,0.1
212620,750,0,LSTM,1,28,,32,,,,3,TRUE,,0.2
212630,700,50,LSTM,2,28,,64,,,,4,FALSE,,0.3
212640,250,0,LSTM,0,28,,128,,,,5,TRUE,,0.4
212650,1200,300,LSTM,1,28,,256,,,,2,TRUE,,0.5
212660,2300,200,LSTM,0,28,,16,,,,3,FALSE,,0.1
212670,1300,200,LSTM,2,28,,32,,,,4,TRUE,,0.2
212680,600,150,LSTM,0,28,,64,,,,5,FALSE,,0.3
212690,800,200,LSTM,1,28,,128,,,,2,FALSE,,0.4
212700,2300,200,LSTM,2,28,,256,,,,3,TRUE,,0.5
212710,900,100,LSTM,0,28,,16,,,,4,FALSE,,0.1
212720,1000,0,LSTM,1,28,,32,,,,5,TRUE,,0.2
212730,650,100,LSTM,1,28,,64,,,,2,TRUE,,0.3
212740,700,300,LSTM,2,28,,128,,,,3,FALSE,,0.4
212750,750,0,LSTM,0,28,,256,,,,4,TRUE,,0.5
212760,700,300,LSTM,1,28,,16,,,,5,FALSE,,0.1
212770,1500,0,LSTM,2,28,,32,,,,2,FALSE,,0.2
212780,450,300,LSTM,0,28,,64,,,,3,TRUE,,0.3
212790,800,200,LSTM,2,28,,128,,,,4,FALSE,,0.1
212800,900,100,LSTM,0,28,,256,,,,5,TRUE,,0.2
212810,1400,100,LSTM,2,28,,16,,,,2,TRUE,,0.3
212820,650,100,LSTM,0,28,,32,,,,3,FALSE,,0.4
212830,300,200,LSTM,0,28,,64,,,,4,TRUE,,0.5
212840,2200,300,LSTM,1,28,,128,,,,5,FALSE,,0.1
212850,2700,300,LSTM,2,28,,256,,,,2,FALSE,,0.2
212860,2000,0,LSTM,0,28,,16,,,,3,TRUE,,0.3
212870,2000,0,LSTM,0,28,,32,,,,4,FALSE,,0.4
212880,150,100,LSTM,1,28,,64,,,,5,TRUE,,0.5
212890,1300,200,LSTM,0,28,,128,,,,2,TRUE,,0.1
212900,3000,0,LSTM,1,28,,256,,,,3,FALSE,,0.2
212910,500,0,LSTM,2,28,,16,,,,4,TRUE,,0.3
212920,1400,100,LSTM,0,28,,32,,,,5,FALSE,,0.4
212930,1900,100,LSTM,1,28,,64,,,,2,FALSE,,0.5
212940,300,200,LSTM,0,28,,128,,,,3,TRUE,,0.1
212950,1000,0,LSTM,1,28,,256,,,,4,FALSE,,0.2
212960,2900,100,LSTM,2,28,,16,,,,5,TRUE,,0.3